pmid,title,abstract
41866640,Is Alzheimer's an Autoimmune Disease?,"Alzheimer's disease is defined as a progressive neurodegenerative disorder characterized by a gradual decline in cognitive and functional abilities [1]. Although debate continues with respect to its exact pathology, several hypotheses have been proposed to explain its underlying mechanisms. The two primary pathological factors of Alzheimer's disease are the accumulation of amyloid-β plaques and neurofibrillary tangles composed of hyperphosphorylated tau and neurofilament protein [1, 2]. It should be noted that our use of the descriptor hyperphosphorylated tau is done to conform with current nomenclature; it should not be construed as indicating saturation of all the amino acids capable of being phosphorylated. Emerging clinical evidence proposes that some variants of Alzheimer's disease may be caused by an autoimmune process rather than a purely neurodegenerative one. The purpose of this paper is to review and evaluate evidence supporting and challenging the autoimmune hypothesis of Alzheimer's disease, as well as to explore its implications for future therapeutic strategies within the framework of the disease."
41862476,Single-cell multiomics uncovers an endothelial mechanosensitive PIEZO1-IL-33 axis driving pulmonary fibrosis.,"Pulmonary fibrosis represents a progressive interstitial lung disease marked by excessive extracellular matrix deposition and architectural distortion. Vascular endothelial cells critically contribute to fibrogenesis through paracrine secretion of pro-fibrotic mediators, yet their mechanobiological regulation remains elusive. Using integrated single-cell multi-omics profiling of human pulmonary fibrosis specimens and experimental fibrosis models induced by bleomycin or silica, we identify mechanosensitive Piezo1 upregulation in Endothelial cells as a hallmark of fibrotic progression. Endothelial-specific Piezo1 knockout significantly attenuates Bleomycin-induced fibrotic remodeling in male mice, establishing its pathogenic necessity. Mechanistically, PIEZO1 activation promotes pulmonary fibrosis development via CAPN2-mediated STAT3 phosphorylation, which may regulate the secretion of the pro-fibrotic molecule interleukin-33. These findings suggest that the endothelial PIEZO1-CAPN2-STAT3-IL33 axis is a potential therapeutic target for PF intervention."
41862458,A cell cycle-dependent transition of acetylation to phosphorylation regulates timely centrosome maturation.,"Centrosomes must undergo maturation in the G2/M phases to activate the microtubule-organizing activity, ensuring proper bipolar spindle assembly and chromosome segregation. Polo-like kinase 1(PLK1) is crucial for centrosome maturation. How the cell cycle controls timely PLK1 recruitment and centrosome maturation remains elusive. Here, we find that the ubiquitin E3 ligase RNF40 localizes to centrosomes and is phosphorylated by CDK1 on T529/T557 in the G2/M phases. This phosphorylation primes its binding to PLK1 and promotes timely PLK1 recruitment and centrosome maturation, establishing the CDK1-RNF40-PLK1 cascade as a mechanism controlling centrosome maturation. We also find that RNF40 is acetylated in interphase and undergoes an acetylation-to-phosphorylation transition in late G2 and M phases, which permits timely activation of the CDK1-RNF40-PLK1 cascade. Constitutive RNF40 acetylation or deficient RNF40 phosphorylation impairs PLK1 localization, microtubule nucleation, and bipolar spindle assembly, causing mitotic catastrophe. Thus, the cell cycle-dependent transition of RNF40 modifications ensures timely centrosome maturation and chromosome segregation."
41862462,Multi-omic identification of key transcriptional regulatory programs during endurance exercise training in rats.,"Transcription factors play a key role in regulating gene expression. We conduct an integrated analysis of chromatin accessibility, DNA methylation, mRNA expression, protein abundance and phosphorylation across eight tissues in fifty rats of equally represented sexes following endurance exercise training to identify coordinated epigenomic and transcriptional changes and determine key transcription factors involved. We uncover tissue-specific endurance exercise training associated changes and transcription factor motif enrichment across differentially expressed genes, accessible regions, and methylated regions. We discover distinct routes of training-induced regulation through either epigenomic alterations providing better access for transcription factors to affect target genes, or via changes in transcription factor expression or activity enabling target gene responses. We identify transcription factor motifs enriched among correlated epigenomic and transcriptomic alterations, differentially expressed genes correlated with exercise-related phenotypic and cell type composition changes, and training-induced activity changes of transcription factors whose target genes are enriched for differentially expressed genes. This analysis elucidates the unique gene regulatory mechanisms mediating diverse transcriptional responses to training across tissues."
41852029,On the Mechanism of Ezrin Activation.,"Ezrin is a peripheral membrane protein that contributes to the organization and stability of cellular membrane structures by reversibly linking the plasma membrane to actin filaments. The formation of this membrane-actin linkage has been experimentally shown to require ezrin N-terminal (FERM) domain binding to PI(4,5)P2 phospholipid-enriched membrane sites and the phosphorylation of the ezrin C-terminal domain (CTD) at residue T567. Collectively, membrane association and T567 phosphorylation are believed to promote separation of the FERM and CTD domains; however, the underlying molecular mechanism remains less clear. In this study, we investigate the mechanistic steps of ezrin activation and the thermodynamic free energy landscape of FERM-CTD dissociation using enhanced sampling molecular dynamics (MD). We find that upon ezrin attachment to a lipid membrane, PI(4,5)P2 molecules outcompete other phospholipids at the surface of the FERM F1 and F3 subdomains. This interaction triggers a major conformational rearrangement within the FERM domain that destabilizes the FERM F2-CTD interface and initiates dissociation between the FERM and CTD. By employing well-tempered metadynamics (WTMetaD) with a contact-map collective variable, we determine that the principal barrier to FERM-CTD dissociation comes from F3-CTD interactions and that this dissociation can happen autonomously with a moderate free energy barrier. We also show that the FERM-CTD reassociation after ezrin T567 phosphorylation is impeded due to reduced dissociation energy barrier. The free energy profile of dissociation between FERM and the CTD-replacing EBP50 protein is similar to that of the FERM-CTD system with nonphosphorylated T567, which agrees well with an in vivo experimental observation that EBP50 competes with the CTD for F2-F3 binding after CTD is dissociated. Together, our results help establish a revised view on the ezrin activation mechanism where FERM binding to PI(4,5)P2 enables autonomous dissociation of the nonphosphorylated CTD."
41852165,Mitochondrial Adaptations in Skeletal Muscle Following Incretin-Based Therapies: In Vitro.,"BACKGROUND: Incretin-based therapies such as glucagon-like peptide-1 receptor agonists (GLP-1Ras), dual GLP-1/GIP agonists and amylin analogues have demonstrated significant weight loss benefits. However, their impact on skeletal muscle mitochondrial function, particularly under metabolic stress, remains unclear. This study aimed to investigate the effects of semaglutide (GLP-1RA), tirzepatide (dual GLP-1/GIP agonist) and cagrilintide (amylin analogue) on mitochondrial function in C2C12 skeletal muscle myotubes under both healthy and lipotoxic (palmitic acid-treated) conditions. METHODS: Differentiated C2C12 myotubes were treated with doses of each drug for 48 h and 5 days. Mitochondrial respiration was assessed using the Seahorse XFp analyser, mitochondrial DNA (mtDNA) copy number and oxidative phosphorylation (OXPHOS) complex protein expression were measured by qPCR and western blotting. Key findings were repeated in primary human skeletal muscle cells. RESULTS: Palmitic acid (PA) significantly impaired mitochondrial function, reducing basal oxygen consumption rate (OCR) by 22% (p = 0.0056) and ATP production by 25% (p = 0.0022). In healthy myotubes, semaglutide and cagrilintide transiently reduced basal respiration (↓21%-28%, p < 0.05) and ATP production (↓24%-31%, p < 0.01) at 48 h, along with reductions in Complexes I, III and IV protein expression, all of which resolved by 5 days. Tirzepatide significantly increased maximal respiration (↑20%-25%, p < 0.005) and spare respiratory capacity (↑22%-30%, p < 0.005) after 5 days. In PA-treated myotubes, semaglutide and cagrilintide acutely worsened mitochondrial impairment (↓ATP production by ~20%-25%, p < 0.01), but these effects resolved by Day 5. Tirzepatide initially suppressed mitochondrial function (↓ATP production, p = 0.0087) but reversed these effects by Day 5, significantly improving ATP production (↑27%-30%, p < 0.005), basal respiration (↑20%, p = 0.0152), and coupling efficiency. mtDNA content remained unchanged across all conditions. Similar responses were noted in human myotubes, with a transient reduction in respiration for semaglutide and cagrilintide (↓30%-62%, p < 0.05) at 48 h and a significant improvement in maximal respiration for tirzepatide at 5 days (↑42%-52%, p = 0.0022). CONCLUSION: Incretin-based therapies exert distinct, time and dose-dependent effects on skeletal muscle mitochondrial function. Tirzepatide promoted sustained improvements in mitochondrial respiration under both healthy and lipotoxic conditions, indicating potential benefits for maintaining skeletal muscle bioenergetic function. These findings underscore the need for further mechanistic studies and suggest that tirzepatide may have the potential to support skeletal muscle health in metabolic disease."
41861599,Trem1 regulates neutrophil metabolism and recruitment in lung ischemia-reperfusion injury.,"Primary graft dysfunction (PGD) caused by ischemia-reperfusion injury (IRI) is a major complication after lung transplantation, yet its underlying mechanisms remain unclear. Triggering receptor expressed on myeloid cells 1 (Trem1) is an important mediator of inflammation, but its role in neutrophil function and metabolic reprogramming during lung IRI is not well understood. In this study, we used a murine orthotopic lung transplantation model with cold ischemia and reperfusion, and Trem1 knockout (Trem1-/-) and myeloid-specific Trem1 conditional knockout mice (LysmCreTrem1fl) to explore the role of Trem1 in neutrophil recruitment, neutrophil extracellular trap (NET) formation, and metabolism. Our results show that Trem1 expression increases in both mouse and human lungs after reperfusion and correlates with neutrophil infiltration and lung injury. Trem1 deficiency significantly reduced neutrophil and macrophage recruitment, NET formation, and tissue damage. Multi-omics analysis revealed that Trem1 deletion suppressed oxidative phosphorylation (OXPHOS) and induced a metabolic shift in neutrophils toward glycolysis. In clinical samples, the abundance of TREM1+ neutrophils was correlated with PGD severity and OXPHOS activity. These findings identify Trem1 as a key regulator of neutrophil metabolism and recruitment in lung IRI, and suggest that targeting Trem1 may provide a novel therapeutic strategy to mitigate PGD and improve lung transplant outcomes."
41864848,T-loop dynamics: telomere structure shapes cell fate decisions.,"Telomeres are nucleoprotein elements bound by shelterin that protect chromosome ends from DNA damage signalling and inappropriate repair. A defining architectural feature is the telomere loop (t-loop), a lariat structure formed by 3' overhang invasion into duplex telomeric DNA, which sequesters chromosome ends from damage recognition. T-loop stability is disrupted by the loss of the shelterin component TRF2, and progressive telomere shortening during ageing is predicted to compromise t-loop maintenance. In addition to intrinsic erosion, an active, shelterin-directed mechanism unwinds t-loops during mitotic arrest. This mitotic arrest-dependent telomere deprotection promotes mitotic death, requires Aurora B kinase-dependent shelterin phosphorylation and the BTR complex, and is opposed by WRN. In this review, we review how dynamic t-loop architecture integrates telomere signalling with cell fate decisions."
41855862,An overview of NF-κB-independent functions of IKK subunits.,"IKK (IκB kinase) complex serves as the core component of the NF-κB signaling pathway. Its canonical function is to phosphorylate IκB proteins, thereby promoting the nuclear translocation and transcriptional activation of NF-κB. However, in recent years, it has been found that subunits of IKK complex (IKKα, IKKβ and IKKγ/NEMO) are widely involved in cell cycle regulation, autophagy, DNA damage repair, metabolic reprogramming and tumor metastasis independent of NF-κB pathway (defined as the function of IKK mediated through non classical or non-IκB substrates). This functional versatility is precisely governed by stimulus strength/duration, subcellular compartmentalization, scaffold protein usage, and differential substrate phosphorylation thresholds, which enable the same core kinase machinery to robustly control seemingly contradictory signaling outputs. In this paper, the nonclassical functions and molecular mechanisms of IKK subunits are systematically reviewed, which provides a new perspective for the targeted treatment of IKK related diseases."
41840068,Activation and regulation of the dynein-dynactin-NuMA complex.,"During cell division, the nuclear mitotic apparatus protein (NuMA) orchestrates the focusing of microtubule minus-ends in spindle poles and cortical force generation on astral microtubules by interacting with dynein motors, microtubules and other cellular factors. Here we used in vitro reconstitution, cryo-electron microscopy and live-cell imaging to understand the mechanism and regulation of NuMA. We determined the structure of the processive dynein-dynactin-NuMA complex (DDN) and showed that the NuMA N terminus drives dynein motility in vitro and facilitates dynein-mediated transport in live cells. The C terminus of NuMA directly binds and suppresses the dynamics of the microtubule minus-end. Full-length NuMA is autoinhibited for its interactions with dynein and microtubules, whereas mitotically phosphorylated NuMA activates dynein in vitro and interphase cells. Together with dynein, activated full-length NuMA focuses microtubule minus-ends into aster-like structures. These results provide critical insights into the activation of NuMA and dynein for their mitotic functions."
41846286,Mechanisms of social evolution from cockroaches to termites.,"The transition from solitary ancestral cockroaches to wood-feeding cockroaches exhibiting biparental care and termites displaying sibling altruism is closely linked to their ecological specialization in feeding on nutrient-poor dead wood. However, the underlying genomic evolutionary mechanisms remain unclear. To investigate this issue, the research team led by Sheng Li from South China Normal University conducted a multi-omics comparative analysis of genomes and transcriptomes across eight Blattodea species. They found that genomes progressively contracted during the evolution from cockroaches to termites. In wood-feeding cockroaches, the downregulation of genes associated with oxidative phosphorylation and peroxisomes constrained the growth and development rates of their offspring, which aligns with the observed slow larval growth. Termites, on the other hand, lost key genes involved in sperm motility, providing genomic support for the hypothesis that their reproductive division of labor is based on monogamy. Furthermore, termites achieved caste differentiation by co-opting nutrition-sensitive core developmental signaling pathways, such as juvenile hormone, insulin, epidermal growth factor receptor, and decapentaplegic (Dpp). This mechanism enables workers to exhibit high energy metabolism early in development to meet labor demands, while reproductive nymphs highly express energy metabolism-related genes later in development to ensure reproductive functions. This study systematically reveals the homeostatic maintenance mechanisms of termites as ""superorganisms"" and elucidates, at the molecular level, the evolutionary basis of social caste differentiation and energy allocation strategies."
41850541,TAOK3 promotes ccRCC progression by phosphorylating ASAP2.,"Clear cell renal cell carcinoma (ccRCC) is the most common subtype of kidney cancer and is characterized by high metastatic propensity and poor clinical outcomes. Elucidating the molecular mechanisms underlying ccRCC progression is therefore essential for the development of more effective therapeutic strategies. In this study, we identified thousand and one amino acid protein kinase 3 (TAOK3) as a critical oncogenic regulator in ccRCC. TAOK3 was markedly overexpressed in ccRCC tumor tissues and cell lines. Gain- and loss-of-function assays demonstrated that TAOK3 significantly promotes ccRCC cell proliferation, migration, and invasion in vitro. Mechanistically, immunoprecipitation and immunofluorescence analyses revealed that TAOK3 interacts with ASAP2 (ArfGAP with SH3 domain, ankyrin repeat, and PH domain 2) in the cytoplasm. Mass spectrometry coupled with phosphosite prediction analysis identified four serine residues (S701, S712, S722, and S728) on ASAP2 as phosphorylation targets of putative phosphorylation sites mediated by TAOK3. These phosphorylation events were further by co-immunoprecipitation and were essential for the pro-metastatic activity of the TAOK3-ASAP2 signaling axis. Collectively, these findings reveal a previously unrecognized TAOK3-dependent phosphorylation mechanism that drives ccRCC progression, and identify the TAOK3-ASAP2 axis as a promising therapeutic target for metastatic ccRCC."
41864544,HADHA in Cardiovascular Disease: From Mitochondrial Dysfunction to Therapeutic Targets.,"HADHA, encoding the α-subunit of MTP, plays a pivotal role in long-chain fatty acid β-oxidation and mitochondrial energy homeostasis. HADHA dysfunction disrupts energy balance by causing toxic metabolite buildup, impairing oxidative phosphorylation, and aberrant cardiolipin remodeling. These disturbances contribute to metabolic dysfunction and the development of cardiovascular diseases. This review summarizes the structural biology, metabolic functions, and regulatory mechanism of HADHA. We further explore its role in cardiac metabolic remodeling, underscoring its involvement in various cardiovascular diseases. In addition, we discuss emerging therapeutic strategies targeting HADHA-related pathways, including molecular interventions and metabolic modulation. By integrating molecular insights with clinical applications, this review highlights HADHA as a promising target in cardiovascular precision medicine and offers new approaches for diagnosing and treating fatty acid oxidation disorders."
41856254,"Tau phosphorylation homeostasis: Mechanisms, targets, and therapeutic implications in Alzheimer's disease.","Neurofibrillary tangles, composed of excessively phosphorylated tau, are a core neuropathological hallmark of Alzheimer's disease (AD). However, therapeutic strategies aimed at directly clearing neurofibrillary tangles have demonstrated limited clinical efficacy, shifting the research focus towards the fundamental underlying mechanism- the dysregulation of tau phosphorylation. Evidence indicates that tau physiological phosphorylation is indispensable for microtubule stability and normal neuronal function, while its aberrant hyperphosphorylation drives neurodegeneration. Consequently, restoring tau phosphorylation homeostasis, rather than merely eliminating the pathological protein, has emerged as a promising therapeutic paradigm. This review systematically delineates the physiological functions and pathological mechanisms of tau phosphorylation, highlighting its central role in AD pathogenesis. We summarize recent advances in drug development targeting key kinases and phosphatases, and discuss the diagnostic value and application prospects of tau phosphorylation biomarkers. Ultimately, this study aims to provide a theoretical framework for novel precision treatment strategies in AD."
41869306,"Immunometabolism in rheumatoid arthritis: mechanisms, biomarkers, and the path to precision medicine.","Synovitis and gradual joint degeneration are hallmarks of rheumatoid arthritis (RA), a chronic inflammatory illness. To sustain inflammation and tissue damage, pathogenic immune and stromal cells undergo specific metabolic reprogramming that alters glycolysis, oxidative phosphorylation, and lipid metabolism. This pathology is driven by immunometabolic dysregulation, according to new research. This review summarizes the current understanding of cell-type-specific immunometabolic dysregulation in RA, with particular attention to T cells, macrophages, B cells, and fibroblast-like synoviocytes. We assess how high-dimensional biomarkers, such as blood-based metabolomic, transcriptomic, and proteomic signatures, and synovial molecular pathotypes can be used to stratify patients and predict how well biologic and targeted treatments will work. We also reviewed treatment approaches targeting immunometabolic pathways, including new metabolic inhibitors and drug repurposing, such as metformin. To facilitate a more individualized and efficient RA treatment, we conclude by offering a clinically applicable paradigm to integrate immunometabolic profiling into precision medicine."
41862111,Micropatterning transcriptionally and phenotypically reprograms endothelial cells.,"Vascular occlusions are a major cause of cardiovascular disease and require interventions including graft bypass surgery; yet, the development of synthetic vascular grafts remains a challenge due to the inability of synthetic biomaterials to support an anti-immunogenic endothelium. Topographical micropatterning of biophysical cues offers a promising strategy to enhance graft endothelialization. As the interface between the biomaterial and blood, endothelial cells provide a bioactive interface which regulates inflammation. We utilized topographical micropatterning of polyurethane biomaterial to induce endothelial cell elongation and alignment and measured the resultant transcriptional changes using bulk RNA-sequencing. Cell phenotype was characterized by gene and protein expression as well as chemokine secretion. The biomaterial micropatterning-modulated elongated and aligned morphology promoted an anti-inflammatory transcriptome, reduced pro-inflammatory chemokine secretion, and induced the transcription coregulator yes-associated protein (YAP) phosphorylation, supporting the anti-immunogenic properties of endothelial cells. Cytoskeletal regulation of this anti-immunogenic phenotype was quantified through measurement of intermediate filament vimentin regulation of YAP localization and endothelial pro-immunogenic gene expression. Aggregation of vimentin was positively correlated with YAP dephosphorylation and suppressed proinflammatory gene expression, indicating that endothelial elongation and alignment influence gene regulation and cellular function independent of vimentin-mediated mechanisms. The ability of micropatterned endothelial cells to maintain their anti-immunogenic functions under pro-inflammatory conditions was demonstrated by the increased phosphorylation of YAP and decrease in pro-inflammatory IL-8 release. Our study highlights the potential of biomaterial cues to regulate endothelial cell behavior for vascular graft design. STATEMENT OF SIGNIFICANCE: We used topographical micropatterning to separate the role of endothelial monolayer morphology from unidirectional blood flow and test how architecture alone regulates gene programs. Micropatterned substrates produced a reproducibly elongated, aligned endothelium with coordinated modeling of the vimentin intermediate filament network. Bulk transcriptomics revealed a distinct morphology-associated expression state, including reduced inflammatory signaling and altered secretory profiles, alongside shifts in mechanosensitive regulatory programs and downstream transcriptional signatures. Together, these findings link cytoskeletal organization to endothelial mechanotransduction and highlight biomaterial topography as a design lever to tune endothelial function for preclinical and clinical applications."
41895230,Pseudokinases in neurodevelopment and disease.,"Pseudokinases are enigmatic proteins that evolved such that they retained the evolutionarily conserved kinase-like fold but lost key residues required for substrate phosphorylation. Pseudokinases have unique functions ranging from altered enzymatic ability, modulation of other protein kinases, and acting as scaffolds or substrate sponges. Nowhere perhaps is this functional diversity more evident than the seemingly myriad roles of pseudokinases in brain development. Not surprisingly, mutations in pseudokinases are associated with several clinically significant neurodevelopmental disorders. Here, we review 5 such pseudokinases, their known functional roles in brain development, disease association, and the unanswered questions that remain. Addressing the unexplored landscape of pseudokinases in neurological disorders holds promise of uncovering important insights into neuropathology and novel therapeutic targets. SIGNIFICANCE STATEMENT: Pseudokinases are understudied proteins that lack the catalytic ability to mediate phosphorylation, yet, they perform extraordinary and physiologically essential signaling functions. This review highlights the importance of pseudokinases in brain development and how their dysregulation leads to neurological disorders. Greater understanding of the structure, function, and regulation of pseudokinases is critical for the design of small molecules that can modulate their function."
41847111,Promotion of breast cancer by the DNPH1 enzyme.,"To broaden understanding of breast cancer pathophysiology, we investigated the highly understudied DNPH1 enzyme in this disease. We found that DNPH1 is overexpressed in breast and also in prostate and lung tumors, correlating with disease aggressiveness. DNPH1 downregulation diminished the oncogenic potential of breast cancer cells and compromised respective stem cells. Likewise, DNPH1 ablation decreased the oncogenicity of lung cancer cells. Knockout of Dnph1 in mice revealed that DNPH1 is not essential for development, yet crucial for HER2-mediated mammary tumor formation. Notably, Dnph1 knockout reduced angiogenesis in HER2-induced mammary tumors and elevated AMP levels. This was accompanied by increased AMP-activated protein kinase activity and phosphorylation of YAP1, implying tapered activity of the YAP1 oncoprotein. These data have extensively shed light onto the cellular and physiological functions of the enigmatic DNPH1 protein in cancer. Overall, this highlights that DNPH1 is a promising target for cancer therapy."
41847664,"Discovery of dihydrospiro[cyclopropane-1,7'-pyrrolo[3,4-","Ataxia telangiectasia and Rad3-related (ATR) kinase plays a critical role in the DNA damage response (DDR), making it a promising target for cancer therapy. Herein, a series of dihydrospiro[cyclopropane-1,7'-pyrrolo[3,4-d]pyrimidine] derivatives have been identified as a novel class of ATR inhibitors. Among them, compound 10h exhibited the most excellent ATR kinase inhibitory activity, with an IC50 value of 6.89 nM. In vitro, 10h demonstrated potent anti-tumor activity and effectively inhibited niraparib-induced CHK1 phosphorylation in Granta-519. Pairwise drug combinational antiproliferative assays revealed that 10h and niraparib synergistically enhanced antiproliferative effects against Granta-519. These results suggested that 10h holds promise for further development as a lead compound for the design of ATR kinase-targeted therapies."
41854818,Unveiling the multifaceted roles of BCL3: biological functions and disease implications.,"BCL3 (B-cell CLL/lymphoma 3), initially identified in the t(14;19) chromosomal translocation in B-cell malignancies, is an atypical member of the inhibitor of NF-κB (IκB) protein family. Unlike classical IκB proteins, BCL3 predominantly localizes to the nucleus, where it exerts unique bidirectional transcriptional regulatory functions within the NF-κB signaling pathway. This complex functionality is finely modulated by post-translational modifications, particularly phosphorylation. Under pathological conditions, BCL3 functions as an oncogene, driving abnormal neoplastic cell proliferation, inhibiting apoptosis, and promoting metastasis and chemotherapy resistance in various hematological malignancies and solid neoplasms by activating multiple oncogenic signaling pathways. Conversely, BCL3 also serves as a critical regulatory factor of immune homeostasis, modulating the functions of macrophages, T cells, and dendritic cells (DCs), thereby influencing the pathogenesis of immune-related disorders. Beyond oncology and immunology, BCL3 plays pivotal roles in the nervous, cardiovascular, digestive, and musculoskeletal systems, highlighting its broad physiological and pathological significance. This article systematically reviews the molecular structure, post-translational regulatory mechanisms, and multifaceted roles of BCL3 in neoplastic and non-neoplastic diseases. By consolidating current research, this review aims to provide novel insights into the diagnostic and therapeutic potential of targeting BCL3 in related pathologies."
41864233,Integration of plasma eMTBR-tau243 and p-tau217 in the diagnosis and stratification of Alzheimer's disease: a prospective cohort study.,"BACKGROUND: Alzheimer's disease pathology can be accurately identified with blood biomarkers (core 1 biomarkers), including plasma p-tau217 tests. Biomarkers that change longitudinally after diagnosis (core 2 biomarkers) can increase confidence that Alzheimer's disease pathology is contributing to cognitive symptoms. Plasma eMTBR-tau243 reflects tau tangle pathology and is a promising core 2 biomarker. We aimed to examine whether, among patients positive for plasma p-tau217, plasma eMTBR-tau243 improves classification of established Alzheimer's disease and predicts cognitive decline and tau tangle accumulation. METHODS: In this prospective cohort study, we included adults aged 40 years or older with subjective cognitive decline, mild cognitive impairment, or dementia, based on cognitive test results and clinical assessments, consecutively recruited at two memory clinics in Sweden, as part of the Swedish BioFINDER-2 study. Data were collected prospectively specifically for the purposes of this study. We validated our findings in a cohort of patients from the Knight Alzheimer Disease Research Center (ARDC), which included individuals determined to be cognitively unimpaired or to have cognitive impairment. Using mass spectrometry techniques, plasma p-tau217 was measured as a ratio to a non-phosphorylated peptide (%p-tau217), and eMTBR-tau243 was measured as a concentration. A priori derived thresholds for positivity were used. The primary outcome was established Alzheimer's disease based on both Alzheimer's disease pathology-specific CSF or PET biomarkers and clinical assessment, in accordance with the International Working Group definition. This study was registered with ClinicalTrials.gov, NCT03174938. FINDINGS: Between May 18, 2017, and Sept 8, 2023, we enrolled 572 patients with cognitive symptoms (142 with subjective cognitive decline, 259 with mild cognitive impairment, and 171 with dementia). 291 (51%) of 572 patients were female and 281 (49%) were male. All potentially eligible participants were included. Follow-up data collection was done until Sept 9, 2024. 350 (61%) of 572 patients had positive plasma %p-tau217. Among these, 341 (97%) were amyloid β (Aβ)-positive by CSF biomarkers or PET and 199 (57%) had established Alzheimer's disease (positive predictive value [PPV] 57%, 95% CI 51-61, for %p-tau217 alone). 194 (55%) of 350 %p-tau217-positive patients were also positive for eMTBR-tau243, with an accuracy of 81% (95% CI 76-84), PPV 84% (95% CI 78-88), negative predictive value (NPV) 77% (95% CI 68-82), and sensitivity 82% (95% CI 76-87) for established Alzheimer's disease, in cross-sectional analyses. Findings were similar in the validation cohort. Positive eMTBR-tau243 was associated with worse longitudinal cognitive decline and longitudinal tau tangle accumulation in %p-tau217 positive patients. Among %p-tau217 positive individuals, eMTBR-tau243 had an accuracy of 87%, PPV 76%, and NPV 90% in identifying individuals with high tau-PET load. INTERPRETATION: Plasma %p-tau217 can confirm Aβ-positivity, while eMTBR-tau243 can confirm clinically symptomatic Alzheimer's disease. Initial testing with %p-tau217 followed by eMTBR-tau243 in %p-tau217-positive patients could help assess whether Alzheimer's disease pathology is causing symptoms. Plasma eMTBR-tau243 might also help in determining the severity of tau tangle burden, which could be useful in guiding therapeutic decisions. FUNDING: National Institute of Aging, European Research Council, Alzheimer's Association, GHR Foundation, Swedish Research Council, ERA PerMed, Knut and Alice Wallenberg foundation, Strategic Research Area MultiPark at Lund University, Swedish Alzheimer Foundation, Swedish Brain Foundation, Parkinson foundation of Sweden, Cure Alzheimer's fund, Rönström Family Foundation, Berg Family Foundation, Konung Gustaf V:s och Drottning Victorias Frimurarestiftelse, Skåne University Hospital Foundation, Michael J Fox Foundation, Lilly Research Award Program, Regionalt Forskningsstöd (Södra sjukvårdsregionen), Wallenberg AI; Autonomous Systems and Software Program and Data-Driven Life Science joint call for research projects, Greta and Johan Kock Foundation, and Swedish federal Government under the ALF agreement."
41865688,Yifei Sanjie pill combined with gefitinib reduces the progression of EGFR-TKIs-resistant non-small cell lung cancer via YAP/ANKRD1 axis.,"BACKGROUND: Resistance to EGFR tyrosine kinase inhibitors (EGFR-TKIs) is a significant obstacle in non-small cell lung cancer (NSCLC) treatment. Yifei Sanjie pill (YFSJ), a traditional Chinese herbal remedy, has been found to enhance gefitinib's effectiveness in NSCLC. However, the exact mechanisms by which YFSJ helps overcome EGFR-TKIs resistance are not yet fully understood. PURPOSE: This study uses in vitro, in vivo, systems biology, and single-cell sequencing approaches to explore the pharmacological pathways behind the combined outcomes of YFSJ and gefitinib in treating EGFR-TKIs-resistant NSCLC. METHODS: UPLC-MS/MS was employed to identify the active constituents of YFSJ and to perform quality control analysis. We assessed the effects of gefitinib and YFSJ, both individually and in combination, on NSCLC cell viability using the MTT assay. Colony formation and wound healing assays were conducted to assess clonogenic potential and migration. A xenograft tumor model in BALB/c nude mice was used to examine the agents' inhibitory effects, in vivo. RNA sequencing and systems biology analysis of tumor tissues identified differentially expressed genes (DEGs) and pathways linked to the combined administration. Candidate gene expression was validated by qPCR, and the clinical relevance of Ankyrin Repeat Domain 1 (ANKRD1) in NSCLC was confirmed using data from the TCGA-NSCLC cohort. Western blotting was utilized for the purpose of validating the protein expression of EGFR, p-EGFR, Erk1/2, p-Erk1/2, AKT, p-AKT, ANKRD1, Ki67, Cleaved Caspase 3 and the Yes-associated protein1 (YAP1) signaling pathway in H1975 xenograft tumors. Single-cell sequencing and cell-cell communication analysis revealed the association between ANKRD1 and EGFR activation in four types of EGFR-mutant NSCLC, as well as the underlying mechanisms. RESULT: UPLC‑MS/MS analysis of YFSJ detected 1624 compounds in total, with 1177 confidently identified via MS/MS. Gefitinib and YFSJ as single agents inhibited the cell viability of NSCLC. YFSJ showed the least efficacy in inhibiting HCC827 cells, while it exhibited the best efficacy against H1975 cells. The IC50 values of the combination therapy were lower than those of each drug used individually, and when administered together for 72 h in H1975 cells and 24 h in HCC827 cells, YFSJ and gefitinib exhibited synergistic effects. The combination therapy suppressed both the clonogenic ability and the combined processes of migration and proliferation in H1975 cells. In vivo experiments demonstrated that YFSJ (9.6 g/kg/day) in combined with gefitinib (50 mg/kg/day) markedly suppressed proliferation in H1975-derived xenografts. Integrated analysis suggested that ANKRD1 is a promising gene potentially associated with acquired EGFR-TKIs resistance, and down-regulate this gene may benefit patient survival. In vivo experiments, single-cell sequencing and cell-cell communication analysis confirmed that the high expression of ANKRD1 might be related to EGFR exon 20 mutation-driven resistant NSCLC, potentially linked to ECM receptor-mediated signal transduction. YFSJ combined with gefitinib treatment inhibits EGFR and Erk1/2 phosphorylation, promoting YAP1 phosphorylation, inhibits AKT phosphorylation and downstream ANKRD1 expression, ultimately suppressing cell proliferation and promoting apoptosis. CONCLUSION: Co-administration of YFSJ and gefitinib suppresses the growth and migration of NSCLC. ANKRD1 may be a potential biomarker for EGFR exon 20 mutation-driven resistance. This therapy reduces resistance to first-generation EGFR-TKIs by blocking YAP/ANKRD1 axis to suppress cell proliferation and promoting apoptosis. Based on our previous clinical investigations and the present preclinical findings, YFSJ-particularly in combination with gefitinib-may represent a novel therapeutic strategy and warrants further exploration for the treatment of NSCLC resistant to EGFR exon 20 mutations."
41876639,Glycosylation as a dynamic regulator of RLR and cGAS-STING innate immune signalling pathways.,"Innate immune sensing by RIG-I-like receptors (RLRs) and the cGAS-STING pathway is tightly regulated by glycosylation. This review summarizes how distinct glycosylation modalities shape antiviral signaling at multiple levels. N-glycosylation in the ER-Golgi is essential for STING folding, stability, and signaling competence, whereas aberrant glycan states disrupt DNA sensing. In contrast, cytosolic O-GlcNAcylation dynamically modulates RLR-cGAS pathways by regulating MAVS aggregation, suppressing IRF3 and NF-κB activation, and interfering with cGAS-DNA binding. We further discuss crosstalk between glycosylation, ubiquitination, and phosphorylation, metabolic regulation of UDP-GlcNAc flux, and pathogen- or tumor-driven glycosylation reprogramming, highlighting glycosylation enzymes as potential immunomodulatory targets."
41886288,Elemental Sulfur/Base/Water: An Efficient System for the Synthesis of 2-Phosphoryl-Substituted Benzazoles via a Willgerodt-Kindler-Type Reaction.,We report an elemental sulfur/base/water system enabling the synthesis of 2-phosphorylbenzazoles via a Willgerodt-Kindler-type reaction of o-hydroxy/amino/mercaptoanilines with substituted phosphorylmethanes. The developed protocol is efficient under metal- and catalyst-free conditions and is easily scalable. The scope and limitations of this transformation have been investigated; a rationalization of the mechanism is presented.
41882025,Solubility based mechanistic profiling of combinatorial drug therapy.,"Acute myeloid leukemia (AML) remains challenging to treat due to extensive genetic heterogeneity, high relapse rates, and treatment-related toxicity. Although drug combinations offer therapeutic promise, their selection is often empirical. Here, we introduce Combinatorial Proteome Integral Solubility/Stability Alteration analysis (CoPISA), a high-throughput proteomics workflow that captures protein solubility/stability alterations uniquely induced by drug combinations. We applied CoPISA to two rationally designed AML drug pairs, LY3009120-sapanisertib (LS) and ruxolitinib-ulixertinib (RU), previously identified as the most effective and least toxic combinations among many candidates and validated in AML cell lines, patient-derived samples and zebrafish xenograft models. We uncovered an emergent mechanism termed ""conjunctional targeting"", in which combinatorial drug action induces combination-exclusive protein targets consistent with an AND-gate logic model. LS-specific converged on SUMOylation, chromatin condensation, and VEGF-linked adhesion, while RU-specific targets disrupted DNA-damage checkpoints, mitochondrial bioenergetics, and RNA-splicing. Post-translational modification analysis revealed combination-induced acetylation, methylation, and phosphorylation of key AML proteins, including NPM1. Network analysis demonstrated that a substantial fraction of AML-associated proteins targeted by CoPISA are unique to combinations, including DNMT3A, NPM1, and TP53. By uncovering a mechanistic layer beyond classical synergy, CoPISA provides a robust framework for the precision-guided design of combinatorial therapies in heterogeneous cancers."
41842946,A HHEX/IKKα positive feedback loop promotes intestinal inflammation.,"The dynamic assembly and regulation of the IκB kinase (IKK) complex in the NF-κB pathway are central to the pathogenesis and progression of inflammatory bowel disease (IBD). We recently reported that the transcription factor hematopoietically-expressed homeobox (HHEX) promotes colitis-associated colorectal cancer, but the potential role of HHEX in intestinal inflammation remains uncharacterized. Here, we found that HHEX is upregulated in inflamed colons in a colitis mouse model and in clinical IBD samples. HHEX overexpression increased inflammatory cytokine expression, and HHEX loss largely abrogated the inflammatory response in vitro and intestinal inflammation in vivo. Mechanistically, IKKα phosphorylates HHEX at S213 to stabilize HHEX in response to TNF-α by inhibiting the interaction of HHEX with the E3 ubiquitin ligase MID2 and subsequent K48-linked ubiquitination and protein degradation. Importantly, HHEX interacts with and stabilizes the IKKα/IKKβ complex via its N-terminal domain, thereby activating the NF-κB pathway and establishing a positive feedback loop that exacerbates intestinal inflammation. Our study reveals a transcription-independent function of HHEX in promoting IKK complex assembly and colitis, identifying HHEX as an IBD susceptibility gene and a potential target for IBD treatment."
41868124,Pyrimidine nucleoside: inspiration for novel antimicrobial agent.,"Antimicrobial resistance (AMR) is a worsening global health crisis, with drug repurposing emerging as a key mitigation strategy. Pyrimidine nucleosides are promising antibacterial scaffolds due to their easily modifiable structures and multi-therapeutic potential. However, related research faces challenges, including fragmented structure-activity relationships (SAR), unclear metabolism-efficacy correlations, and limited clinical translation strategies. This review categorizes these derivatives into cytosine and uracil/thymine analogs. It analyzes how lipidation, selenylation, and other structural modifications regulate antibacterial activity by modulating target binding, membrane permeability, and metabolic stability. Crucially, it elucidates their metabolic activation mechanism. As prodrugs, these derivatives require intracellular enzymatic phosphorylation to form active metabolites that inhibit nucleic acid synthesis, and their efficacy is dependent on intracellular enzyme levels and activity. Additionally, the review identifies core clinical translation barriers (host toxicity, narrow spectrum, insufficient AMR research) and proposes targeted optimization strategies (e.g., enzyme-guided modification and combination therapy). By integrating disparate structure-activity relationship and metabolic mechanism research, this work provides a novel systematic framework for developing pyrimidine nucleosides. Furthermore, it offers critical support to address the global antimicrobial resistance (AMR) crisis."
41889763,HP(O)Ph,"The roles of H-phosphoryl compounds [HP-(O)-R'R″] in various transformations remain insufficiently elucidated, particularly concerning their contributions to facilitating the conversion of inert chemical bonds. Herein, we report a highly selective hydrodefluorination (HDF) reaction of polyfluoro-(hetero)-aromatic compounds mediated by HP-(O)-Ph2, which does not require complex constrained phosphorus architectures or external reducing agents. Notably, H-phosphoryl compounds, especially the commercially available, bench-stable, and inexpensive HP-(O)-Ph2 used in this study, were discovered for the first time to function as both a defluorinative surrogate and an H-reagent, displaying unconventional HDF reactivity with the assistance of water. By employing this protocol, a variety of partially fluorinated (hetero)-aromatic scaffolds can be synthesized. Furthermore, the approach demonstrates excellent regioselectivity, enables postfunctionalization of complex molecules, and allows for the transformation of the resulting products into other value-added organofluorides, highlighting its potential in medicinal and organic chemistry."
41887981,Mitochondrial NADP(H) integrates redox and metabolism.,"The compartmentalization of NAD(H) and NADP(H) is fundamental to cellular metabolism, enabling precise coordination of redox balance, biosynthetic reactions, and energy homeostasis. Within mitochondria, NADP(H) has long been viewed as a redox buffer supporting antioxidant defense and reductive biosynthesis. Emerging evidence, however, reveals that mitochondrial NADP(H) also drives oxidative metabolism and metabolic flexibility. Loss of the mitochondrial NAD kinase, which phosphorylates NAD(H) to generate mitochondrial NADP(H), disrupts NADP(H)-dependent pathways that sustain oxidative metabolism and systemic energy balance. These advances reposition mitochondrial NADP(H) as an integrative regulator that links redox homeostasis with energy metabolism across cellular and systemic levels, with broad implications for metabolic disease."
41858737,Mitochondrial metabolism in cancer stem cells (CSCs): molecular and diagnostic implications.,"Cancer stem cells (CSCs) are a self-renewing population often linked to tumor initiation, metastasis, relapse, and resistance to therapy. While bulk tumor cells are often dependent on glycolysis, CSCs demonstrate metabolic plasticity can switch between glycolysis and OXPHOS (oxidative phosphorylation) depending on context. Mitochondria buffer against stress and allow for a metabolic reprogramming towards apoptosis evasiveness, making mitochondrial function crucial to CSC survival. The acquisition of stem-like traits coincides with the rewiring of mitochondrial metabolism, as newly emerging CSCs intermittently upregulate respiration, ROS detoxification, and metabolic plasticity to satisfy cellular demands. Several regulators converge on this mitochondrial metabolism axis. For instance, the co-activator peroxisome proliferator-activated receptor gamma coactivator 1α (PGC-1α) and partner estrogen-related receptor α (ERRα) promote mitochondria biogenesis and OXPHOS while promoting tumor sphere formation and expression of stemness genes. Conversely, knockdown of PGC-1α reduces sphere formation and stemness. Similarly, a crucial process - mitophagy via AMP-activated protein kinase (AMPK) and related kinases regulate organelle turnover and quality control to promote CSC viability against stress. Mitochondrial dynamics (fission/fusion) also decides the fate of CSCs. The CSC metabolism is further influenced by the tumor microenvironment (TME). Hypoxia-inducible transcription factors, along with tumor stromal signals such as CAF-derived metabolites induce metabolic rewiring and strengthen antioxidant defenses in CSCs, thereby making it easier for CSCs to survive in unfavourable niches. The abundance of mitochondrial DNA and basal respiratory activity has been linked to CSC features such as increased ATP, stem cell markers and chemoresistance. Over the past few years, significant progress has been made in targeting mitochondrial metabolism of CSCs, yet is still a developing area with tremendous therapeutic scope. More research is required to identify mitochondrial vulnerabilities that are specific to therapy and then translate those findings into effective, precision-based cancer treatments. In this review, we try to provide a comprehensive overview of mitochondrial metabolism in regulating behaviour of CSCs, origin and characteristics of CSCs, the metabolic reprogramming for OXPHOS and glycolytic flexibility, molecular regulators of mitochondrial function, mitochondrial dynamics in stemness pathways and how the TME regulates these processes. We also review novel diagnostic techniques and therapies that target mitochondrial vulnerabilities to eliminate CSCs and provide better clinical outcomes."
41849049,CaMKII as a Multimodal Signalling Hub in Neural Connectivity and Vulnerability.,"Calcium/calmodulin-dependent protein kinase II (CaMKII) is one of the most abundant and versatile signalling molecules in the brain, uniquely positioned to convert transient signals into durable structural and functional changes. Classical models cast CaMKII as a Ca2+/calmodulin-activated kinase that, once phosphorylated, persists autonomously to encode synaptic memory. Recent work has reframed this view, revealing CaMKII as a state and context-dependent signalling hub that integrates catalytic activity with structural and scaffolding functions. Its activity and persistence are shaped by partner protein interactions, higher-order assembly, redox and metabolic modifications, and confinement within nanoscale domains. Isoform and splice diversity further distribute CaMKII into specialised pools across dendritic spines, growth cones, axons, and nuclei, enabling it to regulate synaptic plasticity, axon growth, and long-term neuronal stability through both enzymatic and non-enzymatic mechanisms. These actions are dynamically sculpted by opposing phosphatases, including PP1, PP2A, and calcineurin, which do not simply terminate signalling but bias the kinase toward kinetically stabilised functional configurations with distinct catalytic and structural outputs. Here we outline a conceptual multistate regulatory framework in which CaMKII can occupy basal, catalytically active, and structurally stabilised functional regimes, rather than operating as a simple bistable switch. In this framework, these regimes are defined by differences in signalling persistence and molecular interactions rather than by formally demonstrated stable attractors, providing a functional model for understanding how CaMKII integrates spatially restricted Ca2+ signals with phosphatase control. Disruption of regulated transitions between these regimes through altered phosphatase balance, aberrant spatial confinement, or pathological modification can shift CaMKII signalling into inappropriate compartments or timescales, contributing to neurodevelopmental, psychiatric, and neurodegenerative disorders. This review highlights recent advances in activation mechanisms, isoform-specific organisation, phosphatase control, and disease biology, positioning CaMKII as a hybrid structural-catalytic integrator whose state-dependent regulation offers new opportunities for precision therapeutic intervention."
41868506,Regulatory networks and molecular mechanisms underlying salt stress tolerance in rice.,"Salinity and alkaline stress severely restrict rice productivity by disrupting ionic balance, generating oxidative damage, and impairing growth across developmental stages. Despite the significant advances in the salt tolerance knowledge, rice is very sensitive in contrast to other cereals, which demonstrates gaps in mechanistic understanding and breeding efficiency. This review incorporates the progress in the salt perception, signaling, and stress adaptation, and introduces limitations that slow down the practical improvement. Rice senses salinity using receptor-like kinases and Ca2+-dependent signaling pathway but the initial stages of the response and down-stream phosphorylation cascades have not been characterized well. The reactive oxygen species (ROS) triggered by salinity activate antioxidant mechanisms like AsA-GSH, but it is still not clear how they are spatially and organelle-specifically controlled. Proteomic analyses show extensive reorganization of proteins in signaling, cytoskeleton dynamics, metabolism and protein turnover, but most of the identified candidates have not been validated functionally. Na+ exclusion, vacuolar sequestration, and K+ retention through HKTs, NHXs, and V-ATPases are involved in ion homeostasis, but the interactions between them in tissues have not been fully understood yet. QTL studies have also reported important loci like Saltol and qSKC1 but there are slow advances made in using them in elite cultivars. New multi-omics techniques and CRISPR-based genome editing are currently providing a chance to uncover knowledge gaps. All in all, this review presents an overall framework to develop mechanistic knowledge and speed up breeding salt-resistant varieties of rice."
41863615,Exercise and CD8,"CD8+ T cells are the core effector cells of antitumor immunity. However, their functionality is vulnerable to metabolic stress within the tumor microenvironment (TME), and they experience significant inhibition from immunosuppressive signals, such as PD-1/PD-L1 and myeloid-derived suppressor cells (MDSC). This review explores how exercise enhances CD8+ T-cell antitumor efficacy through multidimensional synergistic mechanisms. At the molecular level, exercise stimulates the IL-15/IL-15Rα signaling pathway and triggers the release of myokines such as IL-6 and IL-7. These changes considerably boost CD8+ T-cell proliferation, viability, and granzyme B-dependent tumoricidal activity. Concurrently, exercise improves metabolic adaptation and sustains antitumor effects via metabolic reprogramming, which involves enhancing mitochondrial oxidative phosphorylation and increasing lactate-mediated stemness. Moreover, exercise optimizes TME vascular structure, downregulates PD-L1 expression, reduces MDSC proportion, and transforms the immunosuppressive environment, thus facilitating CD8+ T-cell infiltration and long-term function. Preclinical studies have verified that exercise works in tandem with immune checkpoint inhibitors, like anti-PD-1, to improve T-cell homing and counteract the depletion phenotype through the CXCR3-CXCL9/10 axis. Despite the positive progress, the mechanisms of exercise intensity, individual heterogeneity, and dynamic regulation of TME need to be explored in depth. Future studies need to combine multi-omics and dynamic immune monitoring to develop personalized exercise interventions based on CD8+ T-cell profiles. Exercise provides a low-cost, low-risk adjuvant strategy for cancer immunotherapy by targeting CD8+ T-cell function and TME remodeling, and its clinical translational potential needs large-scale validation."
41861913,A review of peroxisome biology: Potential implications for cardiac physiology and pathology.,"The human heart has often been described as the ""metronome of life"" beating continuously over 2.5 billion times across the average lifespan and consuming more than 6 kg of ATP daily. And, during both a healthy and diseased state, the heart predominately relies on the oxidation of fatty acids to fuel its contractile burden of supporting all other organ systems. While metabolic alterations and substrate utilization inflexibility have been well studied and are considered hallmarks of heart failure pathogenesis, the overwhelming majority of these investigations have focused on the health and function of the mitochondria in cardiac myocytes; for good reason given the mitochondria is the location of oxidative phosphorylation complexes that, although debated, can form respiratory super complexes to generate ATP in conjunction with the electron transport chain and TCA cycle. However, there exists a potentially overlooked supporting organelle crucial for fatty acid oxidation - the peroxisome. In addition to serving as the site of long chain fatty acid breakdown into acyl-CoA for transport into the mitochondria, the peroxisome supports cellular viability and function via several critical mechanisms (e.g. plasmalogen synthesis and reactive oxygen species quenching). Despite this, only recently have published reports started to appreciate the potential significance of peroxisomes in cardiovascular physiology. In this review, we aim to provide a global perspective on peroxisomes to include their lifecycle and function gathered mostly from seminal studies in extracardiac tissues and highlight functional roles for peroxisomes directly in the context of cardiac physiology and pathology from more recent literature."
41845971,The role of TDP-43 fragments in regular cellular functions and homeostatic failure.,"Amyotrophic lateral sclerosis (ALS) is characterized by the progressive degeneration of motor neurons, leading to severe muscle weakness, loss of voluntary movement, and respiratory failure. A widely noted feature of the disease is the presence of TDP-43 proteinopathies. Under homeostatic conditions, the RNA/DNA-binding protein TDP-43 mainly resides in the nucleus, where it functions to regulate gene expression, controlling not only RNA transcription and splicing, but also stability and transport to the cytoplasm. Upon the arrival at ribosomes, TDP-43 may further moderate translation, acting as a global repressor of protein synthesis. However, in over 95% of ALS cases, TDP-43 mislocalises from the nucleus to the cytoplasm, where it enriches in cytoplasmic inclusions that are marked by the presence of misfolded, ubiquitinated, phosphorylated and fragmented protein species of TDP-43. Although recent studies have tried to untangle the relationship between TDP fragments on the one hand, and cytotoxicity as well as neurodegeneration on the other, the results are still a matter of debate. Here, we review our current understanding of the different TDP fragments derived from proteolytic cleavage as well as alternative splicing, addressing the different N-terminal and C-terminal species and evaluating differences in rodent and primate models. We focus our analysis on potential homeostatic functions of TDP fragments in the context of viral infections and myelination control, which could be pivotally interconnected. The findings illustrate several facets of fragmented TDP-43 protein species in scenarios of enhanced cellular stress. Gaining a detailed understanding could help to reveal new treatment options for ALS and other TDP-43 proteinopathies."
41868184,Advances and Therapeutic Potential of Anthraquinone Compounds in Neurodegenerative Diseases: A Comprehensive Review.,"BACKGROUND: Rhubarb, traditionally used in China for neurological disorders, has recently attracted considerable scientific attention for its neuroprotective and cerebrovascular benefits. The main therapeutic components of rhubarb are anthraquinones, including emodin, aloe-emodin, chrysophanol, rhein, and physcion. Accumulating experimental evidence indicates that anthraquinones are of importance in neurodegenerative diseases (NDDs), such as Alzheimer's disease, Parkinson's disease, Huntington's disease, and multiple sclerosis. However, as a promising candidate for drug development, the mechanisms by which anthraquinones treat NDDs have not been systematically reviewed. Therefore, this article outlines the anti-neurodegenerative effects of anthraquinones, focusing on their molecular mechanisms. OBJECTIVE: This article reviews recent research progress of anthraquinones in NDDs, focusing on their potential targets and pathways to provide new ideas for the intervention and treatment of NDDs. METHODS: A comprehensive search of PubMed, Web of Science, and Google Scholar was conducted for articles on the intervention of anthraquinones in NDDs in the past 20 years. The collected information was then summarized and analyzed. RESULTS: Anthraquinones ameliorate NDDs through multiple mechanisms. They exhibit antioxidant and anti-inflammatory effects, protect mitochondria, and regulate microglial polarization. Furthermore, anthraquinones inhibit pyroptosis, apoptosis, tau phosphorylation, Aβ/α-synuclein aggregation, and acetylcholinesterase activity, while restoring metal homeostasis, activating estrogen receptors, modulating gut microbiota, increasing BDNF levels, and preserving blood-brain barrier permeability. More notably, these compounds play a neuroprotective role by mediating multiple signaling pathways and targets, including Nrf2, ERK1/2, PI3K/mTOR, ROS/TXNIP, SIRT1/PCG-1α, NLRP3, PI3K/Akt, MAPK, TLR4-NFκB, CaM/CaMKIV, and Ca2+/EGFR/PLCγ. CONCLUSION: The pleiotropic actions of anthraquinones highlight their potential as therapeutic candidates for NDDs, yet clinical validation remains essential. Future studies should emphasize rigorously designed clinical trials and optimized brain-targeted delivery platforms. This review consolidates current evidence to support their translational development."
41862620,Balancing inflammation and regeneration: immune cell dynamics in nerve repair: a comprehensive review.,"BACKGROUND: Nerve injuries initiate a complex immune response that is crucial for triggering repairprocesses but can also exacerbate tissue damage if dysregulated. A tightly regulated balancebetween pro-inflammatory and anti-inflammatory signals is essential for optimal nerveregeneration, as excessive or prolonged inflammation can impede repair, while insufficientimmune activation may delay debris clearance and regeneration. PURPOSE: This review aims to examine the roles of key immune cells, including macrophages,neutrophils, T cells, and B cells exert diverse roles in this process, orchestrating the inflammatoryenvironment and promoting tissue remodeling. Central to their function is metabolicreprogramming, which dictates immune cell activation, phenotype, and regenerative capacity. METHOD: Relevant literature on immune responses and metabolic regulation in nerve injury wasanalyzed to explore how shifts between glycolysis, oxidative phosphorylation, and fatty acidoxidation govern the balance between inflammatory and reparative states. Macrophages displayremarkable functional plasticity, transitioning from pro-inflammatory (M1-like) to proregenerative(M2-like) phenotypes in response to metabolic and microenvironmental cues.Emerging therapeutic strategies aim to harness this immune-metabolic plasticity to improveoutcomes after nerve injury. RESULTS: Evidence suggests that metabolic reprogramming is a critical determinant of immune cellbehavior in nerve repair. Interventions such as small-molecule modulators, metabolicglycoengineering, and targeted delivery systems are being explored to fine-tune immune cellmetabolism and restore inflammatory balance. However, challenges remain in achieving cell-typespecificity, managing the intricacies of the immune milieu, and ensuring safe and effective clinicaltranslation. This review examines the cellular and metabolic mechanisms underlying immunemediatednerve repair, highlights the critical importance of inflammatory balance in determiningregenerative outcomes, and discusses promising metabolic targets and therapeutic approaches. CONCLUSION: Understanding the interplay between immune responses and cellular metabolismoffers promising opportunities to enhance nerve regeneration. Advances in immunometabolismmay facilitate the development of precision therapeutic strategies aimed at optimizinginflammatory balance and improving functional recovery following nerve injury."
41848587,Proteomics in tissue regeneration: insights into protein alterations and post-translational modifications during healing.,"Tissue regeneration is a complex, multi-phase process orchestrated by dynamic changes in protein expression and post-translational modifications (PTMs). Proteomics has emerged as a transformative tool for decoding these molecular events, providing comprehensive insights into the mechanisms underlying wound healing, angiogenesis, extracellular matrix remodeling, and stem cell differentiation. High-throughput proteomic technologies, including mass spectrometry, quantitative labeling approaches, and spatial/single-cell analyses, enable the identification of phase-specific protein signatures and PTMs such as phosphorylation, glycosylation, ubiquitination, acetylation, and redox modifications. Mapping these proteome alterations across the inflammatory, proliferative, and remodeling phases reveals critical biomarkers, therapeutic targets, and regulatory networks driving tissue repair. Translational applications of proteomics include the development of predictive biomarkers for wound healing prognosis, PTM-targeted therapies, and stem cell or exosome-based regenerative interventions. Moreover, patient-specific proteomic signatures offer avenues for personalized medicine strategies in regenerative care. Despite technical challenges related to tissue-specific proteome complexity, dynamic PTMs, and large-scale data interpretation, integration with multi-omics approaches and artificial intelligence promises to accelerate the discovery of novel regenerative therapies. This review highlights current advances in proteomic profiling, the functional role of PTMs during tissue healing, and their clinical and translational relevance, emphasizing how these molecular insights can inform precision regenerative medicine and guide the development of next-generation interventions for improved healing outcomes."
41868147,Mitochondrial stress as a conceptual interface between bacterial infection and post-infectious metabolic disease.,"Mitochondria are central hubs integrating cellular bioenergetics, redox balance, innate immune signaling, and metabolic homeostasis. During bacterial infections, these organelles are recurrent targets of pathogen-derived toxins, secreted effectors, and host inflammatory mediators, leading to a state broadly defined as mitochondrial stress. This stress encompasses alterations in oxidative phosphorylation, mitochondrial dynamics, calcium handling, reactive oxygen species (ROS) production, and activation or disruption of mitochondrial quality control pathways such as mitophagy. In this perspective, we propose mitochondrial stress as a conceptual framework linking bacterial infection and post-infectious metabolic disease. Using enteric bacterial pathogens such as Salmonella enterica serovars Typhimurium and Typhi, together with Vibrio parahaemolyticus, as conceptual models, we synthesize current evidence showing how distinct bacterial strategies converge on mitochondrial dysfunction and immunometabolic reprogramming of host cells. We argue that, while mitochondrial stress responses may initially support antimicrobial defense, their incomplete resolution may contribute to long-lasting metabolic and inflammatory alterations in epithelial, immune, and metabolic tissues. Persistent mitochondrial dysfunction may contribute to insulin resistance, chronic inflammation, and increased susceptibility to metabolic disease after infection. By framing mitochondrial stress as a central integrator of infection and metabolism, this perspective highlights key knowledge gaps and identifies mitochondria-centered pathways as potential targets to prevent or mitigate post-infectious metabolic sequelae."
41873355,Dual Regulation of Post-Translational Modification of Proteins: Bottlenecks and Breakthroughs in NK Cell Therapy for Glioblastoma.,"Glioblastoma (GBM) is the most malignant primary central nervous system tumor in adults, with strong invasiveness, high recurrence, and poor prognosis. Natural killer (NK) cells, innate immune cells that eliminate glioma stem cells without MHC matching, show promise for GBM immunotherapy, but their efficacy is limited by GBM's immunosuppressive tumor microenvironment (TME), especially via protein post-translational modifications (PTMs). This review summarizes seven key PTMs' (phosphorylation, acetylation, glycosylation, methylation, ubiquitination, SUMOylation, lactylation) dual regulation on NK cell therapy: physiological PTMs enhance NK cytotoxicity, targeting, and persistence; aberrant PTMs block NK activation, induce exhaustion, and promote GBM immune escape. It also analyzes bottlenecks (insufficient NK activity/persistence, GBM's PTM-mediated escape) and breakthroughs (PTM-targeted small molecules like TAK-981, CRISPR-edited NK cells, combination therapies). Future directions include BBB precision delivery, PTM-guided personalized therapy, and PTM crosstalk research, aiming to advance NK therapy's clinical translation for GBM."
41861786,ZNFX1 uses two-component ubiquitin circuitry to quarantine viral RNA.,"The detection of viral RNA inside cells triggers a diverse range of antiviral responses, including global translation inhibition, interferon secretion, and RNA sequestration. Mutations in the gene zinc-finger NFX1-type containing 1 (ZNFX1) cause severe pediatric immunodeficiencies, including chronic viral infection and autoinflammation. Here, we show that ZNFX1 is an RNA helicase with cryptic and unusual bifurcating E3 ubiquitin ligase activity. Nucleotide-dependent RNA binding stimulates ZNFX1 to generate complex ubiquitin chains via a two-component ubiquitin circuit wired in parallel, with ubiquitin flux occurring via two competing paths. One route produces K63-linked polyubiquitin that drives RNA entrapment within self-propagating ZNFX1 aggregates, and the other route produces K48-linked polyubiquitin that drives ZNFX1 turnover. RNA entrapment restricts RNA virus replication and is reversible by deubiquitination. Pathogenic ZNFX1 variants are defective for viral restriction, linking RNA entrapment to antiviral immunity in vivo."
41846138,Microcystin-LR-induced phosphorylation imbalance and organelle stress: An integrative review of autophagy dysregulation and cross-species toxicity.,"Microcystin-LR (MC-LR) is a cyclic heptapeptide cyanobacterial toxin of global concern due to its environmental persistence, chemical stability, and potential for trophic transfer in aquatic food webs. The established molecular initiating event of MC-LR toxicity is the inhibition of serine/threonine protein phosphatases (PP1 and PP2), leading to widespread phosphorylation imbalance and cellular stress. Increasing experimental evidence indicates that autophagy is frequently perturbed downstream of this primary event and contributes to the cellular and tissue-level responses to MC-LR exposure. Autophagy displays a context-dependent role. Short-term or low-dose exposure is often associated with adaptive autophagic responses that facilitate the removal of damaged organelles and partially mitigate oxidative and endoplasmic reticulum stress. In contrast, prolonged or high-dose exposure is commonly linked to impaired autophagic flux, mitochondrial dysfunction, inflammatory signaling, and cell death. Current studies suggest that autophagy dysregulation in MC-LR toxicity arises from converging stress pathways, including sustained PP2A inhibition, mTOR-AMPK imbalance, oxidative and ER stress, defective mitophagy, and inflammasome activation, rather than from direct regulation of the autophagy machinery. Comparable patterns of autophagy-related disruption have been reported across mammalian and aquatic species, indicating a conserved downstream vulnerability to cyanotoxin-induced cellular stress. This review critically analyzes recent mechanistic findings and cross-species evidence to contextualize autophagy dysregulation within a broader framework of phosphorylation imbalance and organelle stress in MC-LR toxicity. Finally, it highlights key knowledge gaps and outlines future research priorities, including dose-resolved mechanistic studies, integrative multi-omics approaches, and cautious evaluation of autophagy-related biomarkers in environmental risk assessment."
41854733,Therapeutic Potential of Somatostatin and Its Analogues in Alzheimer's Disease: From Molecular Mechanisms to Preclinical Studies.,"Alzheimer's disease (AD) is a progressive neurodegenerative disorder with limited treatment options. Currently approved agents, such as acetylcholinesterase inhibitors and NMDA receptor antagonists, provide only modest symptomatic benefit without modifying disease progression. Increasing evidence highlights the somatostatin (SST) system and its analogues (SSAs) as potential multitarget therapies. Somatostatin receptors (SSTR1-5) are widely expressed in cognition-related brain regions and participate in amyloid-β metabolism, tau phosphorylation, neuroinflammation, and synaptic plasticity. Preclinical studies suggest that SSAs enhance amyloid clearance via neprilysin activation, attenuate tau pathology through PI3K/Akt signaling, regulate APOE4 expression, and modulate microglial function, thereby protecting synaptic integrity. Compared with current monotherapies, SSAs may provide broader therapeutic benefits, particularly if applied in prodromal or early stages of AD. Advances in delivery strategies, including peptide modification, nanocarrier-based transport, and physically assisted blood-brain barrier (BBB) penetration, further improve translational potential. However, challenges such as poor BBB permeability, incomplete mechanistic understanding, and limited clinical data remain. Integration of systems biology, biomarker-driven precision medicine, and novel delivery technologies may facilitate the development of SSA-based interventions as complementary strategies for AD management."
41844234,A CDCA2-MYC positive feedback loop controls cancer cells survival.,"Cellular myelocytomatosis oncogene (MYC) transcription factors are encoded by a family of genes that include the prototype member MYC, MYCN and MYCL, and most human cancers display expression alterations of MYC genes. MYC is regulated at multiple levels, and its stability and activity are modulated by protein phosphorylation. Although there is a reasonable knowledge of the kinases required for MYC modifications, the counteracting phosphatases have been understudied. Here, we have investigated the role of the chromatin-associated protein phosphatase 1 (PP1) regulatory subunit CDCA2, also known as Repo-Man, in the regulation of MYC proteins in cancer cells. Using RNA interference and degron-mediated degradation of CDCA2, we have demonstrated that the PP1 subunit is required for cMYC and MYCN stabilization and viability of triple-negative breast cancer, neuroblastoma and colon cancer cells. Proximity ligation assays indicate that both cMYC and MYCN are in close proximity to CDCA2 in vivo. Furthermore, we have shown that CDC2A is a bona fide MYC target gene in cancer cells, revealing a reciprocal regulatory loop that could be exploited for therapeutic purposes."
41869562,Loss of Ezh2 promotes M2-like macrophage polarization in hepatocellular carcinoma.,"Tumor-associated macrophages (TAMs) promote tumor progression and metastasis. Ezh2, the catalytic component of Polycomb repressive complex 2, mediates transcriptional silencing through H3K27me3 deposition. Here, we demonstrate that Ezh2 deficiency in bone marrow-derived macrophages (BMDMs) enhances M2-like polarization upon exposure to conditioned media from Hepa1-6 hepatocellular carcinoma cells. RNA-seq analysis revealed stronger induction of M2-associated genes in conditioned Ezh2 knockout BMDMs compared with wild-type controls, along with enrichment of glycolysis and JAK/STAT signaling pathways. ATAC-seq showed increased chromatin accessibility at promoters of pyruvate metabolism-related genes and reduced H3K27me3 enrichment in Ezh2-deficient macrophages. Metabolic flux analysis confirmed elevated glycolytic activity in Ezh2 knockout BMDMs. Furthermore, phosphorylated STAT3 levels positively correlated with the M2 marker ArgI, and both were further increased in the absence of Ezh2. These findings suggest that Ezh2 restrains glycolytic reprogramming and limits hepatocellular carcinoma-induced M2-like macrophage polarization."
41849441,QCM-D Elucidation of Fibrinogen Adsorption States on Blood-Compatible Polymer Surfaces.,"To quantitatively evaluate differences in antithrombogenicity, poly(butyl methacrylate) (PBMA), poly(2-methoxyethyl acrylate) (PMEA), and poly(2-methacryloyloxyethyl phosphorylcholine-co-n-butyl methacrylate) (P(MPC-co-BMA)) were spin-coated on gold QCM-D (Quartz Crystal Microbalance with Dissipation) sensors, and the adsorption behaviors of fibrinogen (Fg) on these polymer surfaces was analyzed. The resulting ΔD-Δf plots exhibited clearly the distinct profiles among the polymers: an elastic adsorption state was observed on PBMA, a more viscous adsorption state induced by relatively weak interactions was observed on PMEA, and polymer-based repulsion against Fg was on P(MPC-co-BMA). These results highlight the advantage of the QCM-D technique as an evaluation method for antithrombogenicity and further reveal the differing mechanisms by which PMEA and P(MPC-co-BMA) exhibit their antithrombogenic properties."
41844803,Discovery of chirally dependent protein modifications by D- and L-2-hydroxyglutarates.,"Mutations in isocitrate dehydrogenase 1 (IDH1) and 2 (IDH2) are common in multiple types of human cancer and cause accumulation of the oncometabolite D-2-hydroxyglutarate (D2HG) instead of α-ketoglutarate, driving cancers like gliomas and acute myeloid leukaemia by blocking cell differentiation and promoting tumour growth. Here we discovered protein O-2-hydroxyglutarylation by D2HG using chemical proteomics and further revealed distinct chiral preferences for D2HG and L-2-hydroxyglutarate (L2HG) modifications. D2HG modifications are upregulated in IDH-mutant cells or upon D2HG treatment, while L2HG modifications increase under hypoxic conditions or following L2HG treatment. Notably, two kinases MRCKA and SLK are modified by D2HG and L2HG, respectively, and confirmed by synthetic peptide standards. Phosphoproteomics revealed reduced phosphorylation of MRCKA and SLK substrates, suggesting crosstalk between D/L-2HG modification and kinase activity. These findings highlight distinctive roles of D/L-2HG modifications in cancer progression and suggest potential avenues for therapeutic targeting of oncometabolite-induced post-translational modifications."
41855256,A CHKA-PML autophagy checkpoint enables tumors to evade glutamine starvation.,"Glutamine metabolism is essential for tumor cell proliferation and biosynthesis. However, solid tumors often face chronic glutamine deprivation, and the underlying adaptive mechanisms remain incompletely understood. Here, we show that glutamine scarcity upregulates choline kinase alpha (CHKA), whose monomerization enhances its noncanonical protein kinase activity. CHKA phosphorylates promyelocytic leukemia (PML) at tyrosine 339, promoting its cytoplasmic localization. Notably, this reflects a compartment-specific switch in PML activity: while nuclear PML facilitates protein degradation through Small Ubiquitin-like Modifier (SUMO)-ubiquitin cascades, cytoplasmic PML acts oppositely to block degradation. Specifically, cytoplasmic PML then induces SUMOylation of WD Repeat Domain Phosphoinositide-Interacting Protein 2 (WIPI2) at lysines 281 and 283, thereby blocking HUWE1-mediated ubiquitination and proteasomal degradation. Stabilized WIPI2 increases autophagic flux, supporting tumor cell survival under metabolic stress. This study identifies a critical CHKA-PML-WIPI2 axis mediating adaptation to glutamine deprivation, providing insight into metabolic plasticity and a potential therapeutic target for glutamine-dependent cancers."
41887949,Induced proximity for dephosphorylation.,"Induced-proximity dephosphorylation is a strategy that recruits phosphatases to target proteins for selective and reversible phosphate removal. This strategy enables context-dependent reprogramming of pathological phosphorylation with improved mechanistic and pathway specificity. In this forum article, we outline its mechanistic basis, summarize recent advances, and discuss emerging therapeutic implications."
41852131,Marine-Derived Chitosan Oligosaccharides and Their Derivatives: A New Hope for Alzheimer's Prevention and Treatment - A Critical Review.,"Alzheimer's disease (AD) is a progressive degenerative disease of the central nervous system. Its clinical manifestations are mainly cognitive and memory disorders, and its incidence rate and mortality are increasing year by year. Chitosan oligosaccharides (COS), also known as β-1,4-oligoglucosamine, are natural alkaline polysaccharides and the only positively charged ones in nature. Due to its low molecular weight, good water solubility, and excellent biocompatibility, non-toxicity, and biodegradability, in recent years, it has received increasing attention from domestic and foreign researchers and enterprises. COS is of great significance in the prevention and treatment of AD; the main mechanisms of action include inhibiting acetylcholinesterase and beta-secretase activity, preventing abnormal phosphorylation of tau protein, chelating copper ions, protecting neuronal cells, and exhibiting antioxidant effects. This review primarily combines the latest research results, both domestic and international, to summarize and analyze the anti-AD effects and possible mechanisms of COS, aiming to provide the theoretical basis and the reference for the in-depth study of COS in the fields of biomedicine and functional foods and for its wider application in the fields of medicine and health food."
41867854,Exercise modulation of the alternative splicing landscape in human tissues.,"The diverse health benefits of exercise are associated with multi-organ molecular responses. Alternative RNA splicing (AS) is an important determinant of transcriptome and proteome diversity. We profiled the temporal effects of acute endurance and resistance exercise on the AS landscape of human skeletal muscle, adipose tissue, and blood, and studied regulatory mechanisms through integrated multi-omic analyses. We identified 5102 distinct differential AS (DAS) events, with the majority modifying protein-coding sequence (89%) and being independent of altered RNA expression (67%). Endurance and resistance exercise induced differing patterns of AS alterations with divergent temporal trajectories. We inferred the DAS-associated RNA-binding and DNA-binding proteins. In skeletal muscle, where DAS events were the most abundant, DAS genes were enriched for muscle structure- and RNA splicing-related processes, and splicing machinery components were regulated at the protein phosphorylation, RNA, and AS levels. These findings implicate AS regulation as a major mediator of the responses to exercise."
41869290,NRF2 Deficiency Disrupts Mitochondrial Homeostasis via NDUFS7 in Trabecular Meshwork.,"The trabecular meshwork (TM) plays a pivotal role in maintaining intraocular pressure (IOP) by regulating aqueous humor outflow. Nuclear factor erythroid 2-related factor 2 (NRF2) was identified as a key transcriptional controller of TM redox balance and mitochondrial function. Transcriptomic profiling of tert-butyl hydroperoxide (tBHP)-induced oxidative injury revealed NRF2 pathway involvement in TM cellular defense. NRF2 knockout (KO) mice exhibited impaired aqueous humor dynamics, elevated IOP, and TM oxidative damage. In vitro, NRF2 knockdown aggravated oxidative stress and mitochondrial dysfunction, whereas NRF2 overexpression mitigated tBHP-induced cytotoxicity. The results of the gene set enrichment analysis (GSEA) indicated enrichment of oxidative phosphorylation pathway in NRF2-deficient cells. Chromatin immunoprecipitation sequencing (ChIP-seq) confirmed NDUFS7 as a direct NRF2 target essential for mitochondrial complex I integrity. Restoration of NDUFS7 expression in NRF2-deficient TM cells or KO mice rescued mitochondrial impairment. Collectively, these findings establish the NRF2/NDUFS7 axis as a central defense mechanism protecting TM from oxidative injury and suggest potential therapeutic strategies for glaucoma-associated ocular hypertension."
41857027,Structural basis of the cyclin Y/14-3-3 protein-mediated activation of CDK16.,"Cyclin-dependent protein kinase 16 (CDK16) regulates both physiological and pathological processes, including autophagy, spermatogenesis and cancer. Unlike other CDKs, CDK16 is regulated by an unclear mechanism involving phosphorylated cyclin Y (CCNY) in complex with 14-3-3 proteins rather than CCNY alone. The present study aims at elucidating this mechanism by structurally characterizing CDK16 in complex with CCNY and 14-3-3 using several biophysical techniques. As shown by cryo-EM analysis and hydrogen/deuterium exchange coupled to mass spectrometry, 14-3-3 binding modulates the conformation of a key moiety of the CDK binding surface of CCNY, thereby enabling CDK16 activation. CDK16 interacts with the cyclin box of CCNY, while 14-3-3 provides additional contacts, including with the activation segment of CDK16. CDK16 activation also requires interactions of CCNY with the N-terminal extension of CDK16. These findings not only clarify the role of CCNY and 14-3-3 in CDK16 activation but also highlight the potential of targeting CDK16 protein-protein interactions for cancer therapy."
41851502,The WNK-OXSR1 osmosensing pathway mediates intestinal regeneration via Hippo-YAP signaling.,"Animals activate regenerative processes to repair injuries and restore homeostasis following tissue damage. A central question in regeneration is how damage signals are sensed and translated into regenerative growth. Tissue injuries lead to the release of intracellular contents and bodily fluids and disturb the osmotic balance. However, the role of osmolarity in regeneration remains largely unexplored. Using Drosophila and mouse intestine, as well as samples from inflammatory bowel disease (IBD) patients, we identify a key role for the osmolarity-sensing WNK-OXSR1 kinase cascade in intestinal regeneration. Mechanistically, OXSR1 phosphorylates the RhoB GTPase at threonine 37 upon intestinal injury, thereby disrupting its interaction with ARHGAP17 and increasing the levels of GTP-bound RhoB. RhoB activation in turn leads to enhanced F-actin polymerization and YAP activation, thus promoting tissue regeneration. We further show that pharmacological inhibition of WNK or OXSR1 reduces the oncogenic potential of intestinal regeneration. These findings reveal osmolarity as a critical damage signal in regeneration and position WNK-OXSR1 as a potential therapeutic target for stimulating intestinal repair."
41880487,Microtubules guide Aurora B substrate geometries for accurate chromosome segregation.,"Accurate chromosome segregation requires differential regulation of microtubule-binding substrates by Aurora B, the kinase subunit of the chromosomal passenger complex (CPC). How microtubules simultaneously up- and down-regulate Aurora B phosphorylation remains unclear. Devising a new cryo-electron microscopy workflow, we determined microtubule-bound structures of the CPC and key Aurora B substrates that resolve their phosphorylation sites, finding that microtubules can promote or restrict Aurora B-mediated phosphorylation depending upon binding geometry. The kinetochore Ndc80 complex oligomerizes on microtubules through multivalent interactions including its kinase recognition sites, sterically restricting kinase access to counteract phosphorylation-induced detachment. Attenuating this oligomerization compromised stable kinetochore-microtubule attachments and causes chromosome mis-segregation. Conversely, Aurora B recognition sites of the microtubule-depolymerase mitotic centromere-associated kinesin (MCAK) remain accessible on microtubules, explaining how microtubule-bound CPC can promote MCAK phosphorylation and inactivation. We propose that microtubule-guided substrate remodeling can serve as a general mechanism for controlling Aurora B-mediated phosphorylation during mitosis, which can coordinate diverse processes underlying faithful chromosome segregation."
41862769,Bazedoxifene reverses sexually dimorphic autistic-like abnormalities in biallelic MDGA1-mutant mice.,"MDGA1 reportedly suppresses GABAergic synaptic inhibition and may be associated with schizophrenia. However, it has been unclear whether and how MDGA1 dysfunction causes neurodevelopmental disorders. Here, we describe two patients with autism spectrum disorder (ASD) carrying missense mutations in MDGA1: p.Val116Met/p.Ala688Val and p.Tyr635Cys/p.Glu756Gln. Murine in utero overexpression of MDGA1 p.Val116Met/p.Ala688Val alters normal cortical neuron migration and impairs ultrasonic vocalizations (USVs). The p.Tyr635Cys/p.Glu756Gln substitution disrupts the triangular extracellular structure of MDGA1 and renders it unable to impact GABAergic synapses in hippocampal CA1 neurons. Male Mdga1 knock-in (KI) mouse pups and adults harboring the p.Tyr636Cys/p.Glu751Gln mutation exhibit impaired USVs and sensorimotor gating, similar to male Mdga1 conditional knockout (cKO) mice. No behavioral deficits were seen in female counterparts. Bazedoxifene (a selective estrogen receptor modulator) treatment of male Mdga1Y636C/E751Q KI mice rescues the changes in the expression and phosphorylation of a subset of GABAergic synaptic proteins, as well as behavioral performance and GABAergic synaptic strength. Thus, different MDGA1 mutations manifest as distinct MDGA1 dysfunctions and are likely to cause ASD via sexually dimorphic loss-of-function and/or gain-of-function mechanisms."
41844585,Evaluating the potential of acupuncture for Alzheimer's disease treatment: A meta-analysis and systematic review of mouse model studies.,"Acupuncture is an ancient practice that was developed within the framework of traditional Chinese medicine. While acupuncture has been recently proposed as a therapy for Alzheimer's disease (AD), acupuncture effects are not well understood in terms of neural mechanisms. Here, we review and examine the studies that used AD mouse models and analyze the experiments where researchers administered electroacupuncture (EA) to AD mice to assess the potential therapeutic impact of acupuncture on disease pathology and cognitive function in controlled laboratory settings. We analyzed 29 relevant PubMed articles published between January 2014 and July 2025. Our results reveal that EA significantly reduces both amyloid-beta (Aβ) and phosphorylated tau (p-tau) levels and neuroinflammatory biomarkers, including molecular signatures for activated microglia and astrocytes in the brain. EA also enhances cognitive functions. While no study directly compared acupoint strategies, the indirect comparisons in our network analysis suggest that GV20 has potential as a therapeutic target for AD. Our present meta-analysis and review of literature add to the evidence of integrative health practices for acupuncture-based Alzheimer's disease treatment."
41869559,Panx1 deficiency exacerbates GAN diet-induced obesity by destabilizing β-catenin via GSK3β.,"Obesity is a global health challenge and a major risk factor for metabolic diseases. Here, we show that Panx1-deficient mice develop severe obesity when fed a Gubra-Amylin (GAN) diet, characterized by adipocyte hypertrophy and disrupted lipid metabolism, while no such phenotype is observed on a conventional high-fat diet. Mechanistically, Panx1 deficiency leads to reduced non-phosphorylated β-catenin levels and its downstream targets, indicating impaired Wnt/β-catenin signaling. We further demonstrate that Panx1 interacts with β-catenin and GSK-3β, stabilizing β-catenin and preventing its degradation. Loss of Panx1 reduces β-catenin activity, impairs adipocyte hyperplasia, and promotes hypertrophic adipose expansion, thereby exacerbating obesity. These findings establish Panx1 as a key regulator of adipose tissue remodeling and suggest its potential as a tissue-specific target for obesity and related metabolic disorders."
41844616,Phosphoregulation of the novel hemi-arrestin MAPK scaffold Sms1 prevents untimely mating.,"Mitogen-activated protein kinases (MAPK) are ancestral kinases that form essential signalling cascades. However, scaffolds that recruit kinases to subcellular locations and promote signal transduction have only been described in a few species. Notably, no scaffold was thought necessary for the MAPK cascade promoting sexual differentiation in fission yeast. Here, we identify the hemi-arrestin protein Sms1 as a novel scaffold of this MAPK cascade. Interactions with PIP2 and the pheromone receptor-coupled Gα subunit target Sms1 to plasma membrane patches, where it assembles the active cascade by binding each MAP kinase. These interactions are essential for signal transduction and local signal interpretation for polarised growth. Phosphorylation, including by the MAPK itself, antagonises Sms1 membrane translocation, establishing a negative feedback that underlies polarity patch turnover and prevents untimely mating attempts. Thus, Sms1 is a MAPK scaffold with canonical functions despite its distinct structural fold, highlighting convergent evolution of MAPK scaffolds across eukaryotes."
41863805,Autoinhibitory control of MLKL governs pseudokinase domain phosphorylation and oligomerization during necroptosis.,"Necroptotic cell death triggers the release of inflammatory mediators but the exact mechanisms controlling its activation are not fully understood. Previous studies have identified key steps during necroptosis, which are believed to be coupled: MLKL phosphorylation by RIPK3, release of N-terminal autoinhibition, and MLKL oligomerization. Yet, ectopic expression of phosphomimetic MLKL is insufficient to induce necroptosis in human cells. Here, we employ five different pharmacological, biological, and genetic methods to demonstrate that inhibiting the MLKL N terminus prevents both phosphorylation and oligomerization. Conversely, loss of interaction between the N-terminal four-helical bundle and brace domains demonstrates basal MLKL phosphorylation, even in the absence of necroptotic stimuli. Moreover, we show that MLKL phosphorylation is not necessary for maintaining MLKL oligomer stability. We propose that MLKL is released from autoinhibition prior to phosphorylation, explaining why phosphomimetic MLKL lacks cytotoxic activity."
41843681,Mutually exclusive alternative pre-mRNA splicing promotes adaptive metabolic stress signaling by JNK.,The JUN NH2-terminal kinase (JNK) signal transduction pathway is activated during the hepatic metabolic stress response. The JNK1 and JNK2 pre-mRNAs expressed by hepatocytes exhibit mutually exclusive inclusion of exons 7a or 7b that encode a segment of the substrate binding site that is required for selective protein phosphorylation. We established mice with conditional inclusion of exons 7a or 7b to test the function of these JNK spliceoforms. We report that the JNK27b spliceoform plays a key role in the hepatic metabolic stress response. This function of JNK27b is mediated by coordinated mechanisms that independently regulate circadian gene expression and phosphorylation of Retinoid X Receptor α (RXRα) on Ser265. This analysis identifies an important role for JNK27b in the hepatic adaptive response to metabolic stress.
41846982,Intrinsically disordered SERBP1 regulates translation through topology-driven G-quadruplex recognition.,"Serpine mRNA-binding protein 1 (SERBP1) is an intrinsically disordered RNA-binding protein that regulates translation and ribosome biogenesis through interactions with ribosomes and other molecular complexes. Despite its regulatory importance and implication in cancer development, the molecular basis of SERBP1 RNA recognition remains poorly understood. Here, we characterize the G-quadruplex (G4)-binding properties of SERBP1. Using NMR spectroscopy and biophysical assays, we show that SERBP1 binds parallel G4s, both RNA and DNA, with low micromolar affinity through a conserved mechanism. Molecular dynamics and docking simulations reveal an encircling mechanism in which the RGG box wraps around the G4 while downstream C-terminal serine residues stabilize the complex through hydrogen bonding. Phosphomimetic mutations of key serines disrupt this stabilization and reduce binding affinity, identifying phosphorylation as a regulatory switch for SERBP1 activity. Recognition is driven by G4 topology rather than nucleotide sequence, establishing SERBP1 as a broad-specificity G4-binding protein. We further demonstrate that SERBP1 regulates mTOR expression in glioblastoma cell lines through G4 elements in the mTOR 5' UTR, and that SERBP1 depletion synergizes with mTOR inhibition to reduce cell growth. These results establish SERBP1 as a G4 adaptor protein and represent, to our knowledge, the first detailed characterization of G4 recognition by a fully disordered domain, providing a molecular framework for targeting SERBP1-G4 interactions in cancer."
41871415,Tau pathology in epilepsy: emerging mechanisms and translational opportunities.,"The onset of epilepsy in adulthood occurs most commonly after 55 years of age. Given the ageing global population, this disorder represents an increasing burden on healthcare and society. The bidirectional link between epilepsy and dementia is a focus of intense research with underlying tau pathology highlighted as a potential mechanistic link. In this review, we examine the evidence for tau-related neurodegenerative processes in epilepsy beginning with how changes in biochemical and structural properties of the tau protein can lead to abnormal phosphorylation and pathological aggregation. We consider the role of tau in seizure occurrence and cognitive difficulties in experimental animal epilepsy models to human epileptic syndromes. Seizure prevalence is evaluated across established primary and secondary tauopathies to understand the associated hyperexcitability phenotype. We discuss the use of neurophysiology, metabolic imaging and novel fluid biomarkers as non-invasive measures of potential underlying neurodegeneration in epilepsy. It may, for example, be that these can be combined with remote measures of cognition and other physiological parameters to provide accurate longitudinal monitoring of cognition and underlying pathology. We also explore clinical trials that have targeted pathological tau accumulation in neurodegenerative conditions and consider an ongoing clinical study with sodium selenate, an enhancer of protein phosphatase enzyme PP2A, in people with epilepsy. These efforts signify a novel disease-modifying era with treatments that reduce seizures and modify cognitive outcomes in people with epilepsy. Our analysis of the literature underscores the need for more in-depth characterization of tau pathology, at biochemical and structural levels, in brain tissue and peripheral samples from people with epilepsy as an important step to deciphering the role of tau in the pathogenesis of epilepsy and related disorders. Examining the relationships between tau pathology and cognitive impairment in those with epilepsy provides critical perspectives on a potential causal tau pathomechanism that may have important roles in epileptogenesis and dementia."
41865455,USP18 ameliorates atherosclerosis through inhibiting the activation of TAK1.,"BACKGROUND: Atherosclerosis is a chronic inflammatory condition marked by the deposition of lipids within the arterial wall and the infiltration of inflammatory cells, culminating in the development of atherosclerotic plaques. Ubiquitin-specific protease 18, USP18, a specific deubiquitinating enzyme, has been demonstrated to exert protective effects on the cardiovascular system. METHODS: Pathological studies were performed utilizing human coronary arteries obtained from the Forensic Medical Examination Center of Guizhou Medical University, in conjunction with the aorta from experimental ApoE knockout mice. The ApoE knockout mice underwent intervention with adenovirus carrying USP18-RNAi and a control adenovirus containing hU6-MCS-CMV-EGFP, after which pathological analyses were conducted. In vitro, THP-1 cells, induced with phorbol ester, were subjected to treatment with si-USP18 or si-NC, followed by exposure to oxidized low-density lipoprotein. The expression levels of USP18 and proteins associated with the TAK1/NF-κB signaling pathway, as well as the interaction between USP18 and TAK1, were assessed using Western blotting, RT-PCR, and immunofluorescence techniques.The interaction between USP18 and TAK1 was confirmed using molecular docking techniques, co-immunoprecipitation assays, and immunofluorescence analysis. PURPOSE: The purpose of this study is to explore the role of USP18 on atherosclerosis and the underlying mechanism. RESULTS: The expression of USP18 is elevated in early-stage human coronary atherosclerotic plaques but decreases in advanced lesions. Treatment of macrophages derived from THP-1 cells and bone marrow-derived macrophages (BMDMs) with lipopolysaccharide (LPS) results in reduced USP18 expression. In ApoE-/- mice, USP18 knockdown leads to an increase in the atherosclerotic necrotic core area, which significantly enhances inflammation and macrophage infiltration within the aorta. In vitro experiments indicated that the suppression of USP18 expression in macrophages derived from THP-1 cells, followed by treatment with oxidized low-density lipoprotein (ox-LDL), enhances lipid uptake and inflammatory responses. Furthermore, USP18 silencing enhances the phosphorylation of key kinases and the upstream regulator TAK1 within the NF-κB signaling pathway in macrophages. USP18 inhibits TAK1 phosphorylation by binding to and deubiquitinating TAK1, thereby suppressing NF-κB pathway activation. The enhancement of the NF-κB signaling pathway in macrophages due to USP18 silencing is mitigated by TAK1 inhibitors. CONCLUSION: USP18 modulates TAK1 to suppress the activation of the NF-κB signaling pathway in macrophages, consequently exerting an anti-atherosclerotic effect and offering a potential therapeutic strategy for atherosclerosis treatment."
41858284,Collagen I-DDR1 signaling promotes inflammation development during keloid formation.,"BACKGROUND: Keloid is a chronic inflammatory skin disease, which is marked by abnormal fibroproliferative scar, without effective treatments. Many factors are involved in keloid formation, primarily highly activated inflammatory, wound tension, and hereditary susceptibility. Collagen signaling plays important roles in various diseases, including tumors and fibrotic diseases, but its function in keloid inflammation remains unknown. We aimed to study the roles and mechanisms of collagen signaling in the inflammation development during keloid formation. METHODS: Normal and keloid keratinocytes and fibroblasts were isolated from fresh normal skin and keloid tissues. Picrosirius red staining, Western Blotting, Q-PCR, co-immunoprecipitation, APEX2-mediated proximity biotinylation, Elisa, immunohistochemistry, and immunofluorescence assays were used to discover the roles of collagen-DDR1 signaling in the inflammation development. Human Keloid samples were subcutaneously transplanted to nude mice to building keloid xenograft model. The therapeutic potential of DDR1 inhibitor (7rh) and ARF6 inhibitor (NAV-2729) was examined in the keloid inflammation development. RESULTS: Both phosphorylated NFκB and STAT3 were obviously elevated in keloid tissues. Collagen I accounted for the vast majority of collagens in keloids. Collagen I signaling promoted keloid inflammation amplifier activation by DDR1. DDR1 and ARF6 were upregulated in keloid tissues, and the levels of both were positively correlated. In keloid dermal tissues, elevated DDR1 was mainly expressed in fibroblasts. Collagen I-DDR1 signaling activated NFκB and STAT3 signaling. DDR1 inhibitor (7rh) restrained keloid inflammation development and growth in keloid xenograft model. Mechanistically, DDR1 interacted with ARF6, which promoted the transport of DDR1 to plasma membrane and amplified collagen I-induced DDR1 signaling, then facilitated DDR1 binding to STAT3, leading to STAT3 phosphorylation. The combined inhibition of DDR1 and ARF6 synergistically inhibited keloid inflammation amplifier. CONCLUSIONS: Collectively, these findings reveal the molecular basis of collagen I-DDR1 signaling activating NFκB and STAT3 signaling and expose the role of ARF6-DDR1 axis in promoting keloid inflammation development, indicating that DDR1 and ARF6 may serve as innovative therapeutic targets in keloid."
41849779,Identification and Validation of an Inhibitor of the Protein Kinases PIM and DYRK.,"Fermented wheat germ extract (FWGE), a nutraceutical with reported anticancer properties, contains numerous biologically active molecules, but its therapeutic constituents remain unclear. In this study, we identify and characterize a novel small-molecule protein kinase inhibitor isolated from FWGE, designated F10V6W0. Through preparative high-performance liquid chromatography and structural elucidation via X-ray crystallography, this compound was revealed to be a unique benzothiazole. Kinase profiling demonstrated its selectivity toward PIM and DYRK protein kinase families. A chemically synthesized version (CSH-4044), mirrored the activity of the natural product, confirming structural integrity and biological equivalence. We determined the cocrystal structure of CSH-4044 bound to PIM1, revealing ATP-competitive binding and critical hydrophobic and hydrogen-bonding interactions. Functionally, CSH-4044 suppressed PIM3-driven BAD phosphorylation in pancreatic cancer cells and reduced DYRK1A-mediated Tau phosphorylation in neuronal cells. Our findings position CSH-4044 as a promising lead for targeting PIM and DYRK kinase families and highlight FWGE as a potential therapeutic compounds."
41874349,Modulation of Alveolar Macrophages by Sex as a Biological Variable.,"Background: Alveolar macrophages (AMs) play a key role in the innate immune system and the pathogenesis of bronchopulmonary dysplasia (BPD), a condition with a significant sex bias. However, the influence of biological sex on AM immunometabolism remains poorly defined. Objective: We tested the hypothesis that female AMs would exhibit greater metabolic resilience (less impact on their mitochondrial function) compared to male AMs upon exposure to hyperoxia. Methods: We characterized bioenergetic profiles of male (MH-S) and female (AMJ2-C11) adult murine AM cell lines and primary neonatal AMs from C57BL/6 pups. Oxygen consumption (OCR) and extracellular acidification rates (ECAR) were quantified using Seahorse extracellular flux analysis at baseline and following 48 hours of hyperoxia (85% O2). Results: Adult female AMs displayed an elevated basal and maximal respiration compared to males. Upon exposure to hyperoxia, female AMs showed decreased maximal OCR and spare respiratory capacity. Conversely, male AMs showed little change in oxidative phosphorylation. Uniquely, neonatal AMs of both sexes show a suppression in their mitochondrial function upon exposure to hyperoxia, but the decline is more significant in the male macrophages. In addition, the neonatal female macrophages also showed a higher glycolytic reserve compared to their baseline in room air, upon exposure to hyperoxia. Conclusions: Biological sex and developmental stage are fundamental determinants of AM bioenergetics. These intrinsic sex-specific mechanisms may underlie differential susceptibility to neonatal lung injury, underscoring the necessity of sex-specific therapeutic strategies."
41876450,AKT1 phosphorylates PRMT7 to promote GLUD1 methylation and gastric cancer progression.,"Glutamine metabolism has emerged as an essential metabolic driver of tumor progression. Glutamate dehydrogenase 1 (GLUD1), a key enzyme in glutaminolysis, is frequently overexpressed in malignancies. Post-translational modifications (PTMs) are crucial for regulating protein function and tumor progression. However, the PTMs of GLUD1, particularly arginine methylation, remain unexplored. Here we report that protein arginine methyltransferase 7 (PRMT7) mediates monomethylation of GLUD1 at arginine 76 (R76), enhancing its protein stability by antagonizing ubiquitin-dependent degradation. Moreover, high glucose destabilizes GLUD1 via the PI3K/Akt pathway. Mechanistically, AKT1 phosphorylates PRMT7 at threonine 73 (T73) and promotes its activity to stabilize GLUD1 by increasing its methylation and reducing ubiquitination. Clinical analysis reveals that elevated GLUD1, PRMT7, and meGLUD1(R76) levels correlate with tumor progression in gastric cancer. In xenograft models, PRMT7 inhibitor SGC3027 combined with chemotherapeutic drugs docetaxel (DTX) synergistically suppresses tumor growth. Collectively, this study identifies the AKT1-PRMT7-GLUD1 axis as a key regulatory pathway in gastric cancer, and highlights its potential as a therapeutic target."
41858765,Inhibitory effects of spermidine on lipopolysaccharide-induced inflammation in RAW 264.7 cells.,"Spermidine (SPD) is a naturally occurring polyamine with anti-inflammatory and antioxidant properties. Given the pivotal role of macrophages in inflammatory pathogenesis (such as rheumatoid arthritis and autoimmune encephalomyelitis), the present study hypothesized that SPD exerts its anti-inflammatory effects by suppressing macrophage polarization. Briefly, RAW 264.7 cells were activated using lipopolysaccharide (LPS) and were treated with a vehicle control (complete DMEM) or varying SPD concentrations. The ratio of M1 and M2 macrophages in each group was determined using flow cytometry. Inflammatory gene expression and cytokine levels were determined using reverse transcription quantitative PCR and ELISA. The levels of NF-κB pathway-associated proteins were measured through western blotting. The findings revealed that the proportion of M1 cells gradually decreased with increasing SPD concentrations. In LPS-stimulated RAW 264.7 cells, SPD markedly decreased the expression of M1 marker genes and notably increased that of M2 marker genes. Furthermore, SPD decreased IL-6 levels and increased IL-10 levels. In addition, the levels of phosphorylated (p)-p65 and p-IκBα, which are NF-κB pathway-associated proteins, were markedly decreased after 24 h of SPD treatment. Overall, SPD treatment inhibited LPS-induced M1 polarization, reduced pro-inflammatory gene/cytokine expression and enhanced anti-inflammatory markers, potentially through NF-κB pathway modulation."
41860659,Multi-omics and mendelian randomization uncover microbial-metabolite-gene interactions in age-related hearing loss.,"Age-related hearing loss (ARHL), as one of the most common sensory impairments among the elderly, has a complex etiology and lacks effective targeted intervention strategies. Through integrated multiomics analysis, we identified 38 ARHL core-associated candidate genes that are predominantly enriched in pathways such as NF-κB signaling, antigen presentation, and oxidative phosphorylation. These findings suggest potential metabolic dysregulation and features consistent with ""inflammatory aging"" in the cochlea. Mendelian randomization analysis further highlighted UROS, C1QB, and GLIPR1 as potential biomarkers with high predictive value (AUC 0.948-0.970) within our dataset. Analysis of immune infiltration revealed a positive association between GLIPR1 and Th2 and neutrophil expression. Through correlation analysis and GutMgene database screening, we observed that FPR2 and GLIPR1 are significantly co-expressed. Molecular docking and molecular dynamics simulations further suggested that FPR2 can bind to taurodeoxycholic acid with high stability. Based on these findings, we hypothesize the existence of a ""Roseburia-FPR2-taurodeoxycholic acid"" regulatory network that may contribute to ARHL. This speculative model provides a novel framework for future investigations into the potential role of the gut-inner ear axis in ARHL."
41860465,Nuclear Translocation of Mitochondrial Ferredoxin Reductase Is Regulated by AKT-Mediated Phosphorylation.,"Ferredoxin reductase (FDXR) is the sole ferredoxin reductase in humans and plays an essential role for steroidogenesis and biosynthesis of heme and iron sulfur cluster (ISC) by transferring electrons from NADPH to ISC-containing ferredoxin 1 (FDX1) and FDX2. In this study, we found that while FDXR is classified as a mitochondria-localized flavoprotein, it can be translocated into the nucleus, especially in response to various stress signals. Next, we identified a bipartite NLS within amino acids 271-299 of FDXR, the disruption of which impairs its nuclear translocation. Further, we found that AKT can phosphorylate threonine 277 adjacent to the NLS in FDXR and subsequently enhances its nuclear translocation. Consistent with this, mutant FDXR(T277A), in which threonine 277 was substituted with alanine, impaired FDXR nuclear translocation. Together, our data provide evidence that the mitochondrial FDXR can be translocated to the nucleus, which is regulated by AKT-mediated phosphorylation, especially in response to cellular stress. Our data suggest that FDXR plays a role in the mitochondria-nucleus communication and stress responses."
41855861,Curcumin attenuates hindlimb unloading-induced bone loss by suppressing NF-κB-mediated osteoclast activation.,"Microgravity exposure or mechanical unloading profoundly disrupts skeletal homeostasis, leading to rapid bone loss that poses a major challenge during spaceflight and long-term bed rest. Despite existing countermeasures, effective pharmacological strategies with minimal side effects remain elusive. Here, we identify curcumin, a naturally polyphenolic compound with pleiotropic bioactivity, as a promising candidate unloading-induced osteoporosis. Daily administration of curcumin (200 mg/kg) markedly mitigates the reduction of trabecular bone mass and microarchitecture under hindlimb unloading (HU) mouse model, as evidenced by increased BV/TV, Tb.N, and Tb.Th, and reduced Tb.Sp. Curcumin significantly suppressed osteoclast function and bone resorption, reducing TRAP+ multinucleated cells and downregulating Ctsk, Mmp9, Trap, Nfatc1, and NFAT2 expression, while exerted minimal influence on cortical bone strength or key osteogenic markers (Alp, Col1a1, Bglap). Mechanistically, curcumin inhibited the NF-κB signaling cascade, specifically through attenuated phosphorylation of p65 and IκBα, which restrained osteoclastogenesis. Collectively, these findings demonstrated the potential roel of curcumin in preventing microgravity- or disuse-related bone loss."
41876647,LRRK2-targeting antisense oligonucleotide in Parkinson's disease: a phase 1 randomized controlled trial.,"LRRK2 (encoding leucine-rich repeat kinase 2) variants are the most common genetic cause of Parkinson's disease (PD). Lowering LRRK2 levels and/or inhibiting LRRK2 activity may modify PD-associated neuropathology. BIIB094 (ION859), an antisense oligonucleotide, targets LRRK2 mRNA for degradation. REASON was a first-in-human randomized phase 1 study investigating the safety, tolerability, pharmacokinetics and pharmacodynamics of intrathecal BIIB094 in patients with PD. In part A, 40 participants received single doses of BIIB094 10-150 mg or placebo. In part B, 42 participants, stratified by LRRK2 variant status, received four doses of BIIB094 40-120 mg or placebo every 4 weeks. Adverse events were reported by 64.5% (20/31) of participants in part A and by 84.8% (28/33) of participants in part B. The events were mainly mild to moderate and not dose limiting. No serious adverse events related to BIIB094 were reported in either part A or B. Systemic BIIB094 exposure increased with dose. Cerebrospinal fluid (CSF) LRRK2 and phosphorylated Rab10 levels were lowered by up to 59% and up to 50%, respectively, irrespective of LRRK2 variant status. Concomitant reductions in CSF lysosomal protein levels suggested a potential mechanism whereby LRRK2 therapeutics may impact underlying PD pathophysiology. ClinicalTrials.gov identifier, NCT03976349 ; EudraCT number, 2018-002995-42."
41867847,Activation of TPC2 amplifies lysosome-mitochondria calcium transfer to regulate energetic stress responses.,"Mitochondrial Ca 2+ uptake governs metabolism and cell fate, yet how signals from other organelles shape this remains incompletely defined. Although lysosomes are relatively small Ca 2+ stores, their strategic positioning at organelle contact sites suggests they may amplify Ca 2+ transfer within nanodomains. Here, we show that activation of the lysosomal Two-pore channel 2 (TPC2) initiates rapid mitochondrial Ca 2+ uptake through an endoplasmic reticulum-dependent relay requiring IP₃ receptors and the mitochondrial calcium uniporter channel. The extent of mitochondrial Ca 2+ accumulation scales with TPC2 activity without affecting global Ca 2+ responses, identifying TPC2 as a specific amplifier of lysosome-mitochondria Ca 2+ exchange. Moderate TPC2 activation transiently enhances oxidative phosphorylation, whereas sustained enhancement increases susceptibility to Ca 2+ -induced mitochondrial permeability transition. In stroke models, hyperactivation of TPC2 exacerbates injury, while acute pharmacological inhibition at reperfusion confers neuroprotection, including in human iPSC-derived neurons. Thus, lysosomal Ca 2+ release acts as an upstream regulator of mitochondrial energetic resilience under stress."
41847846,Sprouty2 modulates NF-κB signaling by sequestering the phosphatase PP2Ac in LPS-stimulated macrophages.,"The role of the adapter protein Sprouty2 (Spry2) in lipopolysaccharide (LPS)/TLR4-mediated signaling is unknown. In the present study we show that Spry2 positively regulates NF-κB signaling by sequestering the negative regulator PP2Ac in LPS-stimulated bone marrow derived macrophages (BMDM). Spry2 deficient BMDM display impaired LPS/TLR4-induced cytokine production and NF-κB activation. This impaired cytokine production in Spry2 deficient macrophages is not due to defects in receptor proximal signaling events or dysregulated MAPK activation. Mechanistically, we show that upon LPS stimulation, Spry2 is serine phosphorylated and associated with the phosphatase PP2Ac. The PP2Ac sequestration by Spry2 heightens NF-κB activation, enhances nuclear translocation of p65 and augments cytokine production. On the other hand, macrophages from Spry2 deficient mice display enhanced interaction between PP2Ac and p65, increased p65 dephosphorylation, reduced nuclear translocation of p65 and curtailed cytokine secretion. Pretreatment of Spry2 deficient macrophages with PP2Ac inhibitors restores p65 nuclear translocation and cytokine secretion in response to LPS. Collectively, our study suggest a novel role for Spry2 in modulation of NF-κB activation in response to LPS."
41858884,Peripheral amylin modulation rebalances brain glycolysis and Tau-Ser214 phosphorylation via cAMP-PKA signaling.,"Brain glucose dysregulation is shared by Alzheimer's disease (AD) and diabetes, but whether it arises from central or peripheral mechanisms remains unclear. Amylin, a pancreatic hormone, normally supports CNS cAMP-PKA signaling, metabolism and memory; however, prediabetes-associated hypersecretion disrupts this balance. Using human amylin-inducible mice, we show that toggling amylin secretion during metabolic stress bidirectionally regulates brain glycolysis and function. Excess amylin overactivates cAMP-PKA signaling, suppressing glycolysis and inducing Tau-Ser214 phosphorylation, two core features of AD pathology. This state is accompanied by activation of the amino acid starvation response, Tau-T231 hyperphosphorylation, pTau-Aβ coupling, neuroinflammation and memory deficit. In contrast, reducing amylin in prediabetes preserves glycolysis, ATF4-dependent proteostasis and cognition. Astrocytes emerge as primary targets, as amylin receptor blockade prevents glycolytic deficits ex vivo, and amylin accumulates in GFAP-enriched regions in vivo. Together, these results define prediabetic hyperamylinemia as an upstream, modifiable driver of PKA-mediated tau pathology linking metabolic dysfunction to AD."
41850723,Huntingtin (HTT) interactome in regulation of DNA repair/remodeling and RNA processing pathways.,"Huntington's disease (HD), an uncurable neurodegenerative disorder, is caused by CAG repeat expansion in the HD gene encoding mutant huntingtin protein. DNA damage response is implicated in HD pathogenesis. We used multiple approaches to assess normal and mutant HTT interactomes in the context of genotoxic stress. We show that double-strand break (DSB) repair response is impaired in HD neurons, which are more vulnerable to DSB-induced stress. We found that S1181 phosphorylation of HTT is regulated by DSB, and can be carried out by DNA-PK. Functional interaction of HTT with a major DSB kinase DNA-PKcs and association of both proteins with nuclear speckles suggest a role of HTT in DSB repair mechanism; however, physiological outcome of these interactions remains to be examined. We revealed HTT interactions with other proteins associated with nuclear speckles, TCERG1 and MED15, whose loci are genetic modifiers for HD, and with chromatin remodeling complex BAF. These interactions may position HTT as an important scaffolding intermediary providing integrated regulation of gene expression and RNA processing in the context of DNA repair mechanisms."
41873439,Pharmacological evaluation of an ex vivo cervicovaginal HIV prevention model.,"BACKGROUND: The female genital tract (FGT) is a unique compartment with physiologically distinct properties complicating the extrapolation of drug efficacy; critical gaps remain in understanding regional variability within the FGT itself. We performed an in-depth investigation across endo- and ectocervical tissues on the utility of the cervical explant model to evaluate pre-exposure prophylaxis (PrEP) efficacy. METHODS: Using normal cervical tissues, we evaluated gene expression of relevant drug metabolizing enzymes and transporters (DMETs) via qRT-PCR and compared ecto- and endocervix. To determine differences in drug phosphorylation and to assess antiretroviral (ARV) efficacy, we incubated explants in tenofovir and emtricitabine then measured intracellular metabolites. Viral infectivity and dose-response with ARVs was measured using viral RNA and p24 following HIV-1JR-CSF challenge. RESULTS: ABCC4 expression was 3-fold lower in ectocervical tissues compared with endocervical, whereas CYP3A5 was 2-fold higher. IL-6 was correlated with ABCB1 (r = 0.52, P = 0.01) and ABCG2 (r = 0.56, P =0.005). Dose-normalized phosphorylation did not differ between endo- and ectocervix (P > 0.5). Infectivity of explants was low (53%) but did not differ by compartment. Intracellular tenofovir diphosphate concentrations were associated with a decrease in ectocervical viral replication (r =0.39, P < 0.05). There was a strong relationship between the proportion of explants infected and emtricitabine dose (P =0.02) but no relationship between intracellular emtricitabine triphosphate and protection. CONCLUSIONS: We identified differences in DMET expression and ARV metabolism between ecto- and endocervical tissues, as well as correlations between DMET and IL-6. Ectocervical explants demonstrated consistent viral infectivity and dose-dependent inhibition. The model is useful in determining tenofovir diphosphate targets."
41848300,Bip1 regulates AMPK signaling in response to endoplasmic reticulum stress.,"The accumulation of misfolded and unfolded proteins within the endoplasmic reticulum (ER) lumen induces ER stress, which in turn triggers various consequences, such as the unfolded protein response (UPR). AMP-activated protein kinase (AMPK) is also a cellular stress sensor. However, the interplay between AMPK and ER stress remains poorly understood. In this study, we report that in the fission yeast Schizosaccharomyces pombe, the deletion of erd2, a central component for the retrieval of ER-resident proteins, leads to the accumulation of the canonical ER luminal chaperone Bip1 in the cytosol. Moreover, we demonstrate that erd2 deletion increases the levels of the AMPK upstream kinase Ssp1 in a Bip1-dependent manner, thereby promoting AMPK phosphorylation. Intriguingly, although these phenotypes are not dependent on UPR, they can also be caused by ER stress. We further identify multiple E3 ubiquitin ligases that are responsible for the regulation of Ssp1 stability, and Bip1 physically interacts with and stabilises Ssp1 by inhibiting ubiquitination of Ssp1. Additionally, we elucidate that AMPK activation, mediated by the stabilised Ssp1, is required to sustain cell viability, particularly in cells lacking Erd2. Collectively, our findings demonstrate the important role of Erd2 in the maintenance of cellular homeostasis and establish a link between ER stress and AMPK signalling."
41855213,Myofibrillar protein accumulation but reduced protein synthesis in PDCD4-depleted myotubes.,"Skeletal muscle is critical to whole-body functionality and homeostasis. The mammalian/mechanistic target of rapamycin complex 1 (mTORC1) is a nutrient/growth-factor sensitive positive regulator of skeletal muscle mass. Amongst other substrates, mTORC1 phosphorylates the ribosomal protein S6 kinase (S6K1). Activated S6K1 acts through multiple effectors, including programmed cell death 4 (PDCD4), to promote mRNA translation and protein synthesis. Much of what is known about PDCD4 is in non-muscle cells. We previously demonstrated that the effect of PDCD4 differs between myoblasts and myotubes. Here, we showed that PDCD4 depletion in myotubes enhanced myotube diameter (+36%) and accumulation of myofibrillar proteins (+163-237%). These effects occurred along with increased phosphorylation of AKTser473 (+85%) and of the mTORC1 substrate S6K1thr389 (+152%), but protein synthesis was suppressed. There was increased phosphorylation of FoxO3aser253 (+250%) and a corresponding reduction in the expression of the muscle protein ubiquitin ligase MuRF1 (-44%), but there was no significant effect on measures of proteolysis or autophagy. In starved myotubes treated with the proteasome inhibitor MG132, accumulation of ubiquitinated proteins was attenuated in PDCD4-depleted cells. PDCD4 depletion did not augment sarcoplasmic reticulum (SR) Ca2+ release capacity but was associated with reduced ATP and intracellular amino acid levels. Finally, AKT inhibition partially attenuated the effect of PDCD4 depletion on myofibrillar protein abundance. In summary, myofibrillar protein accumulation in PDCD4-depleted myotubes did not lead to improved intracellular Ca2+ handling, likely due to reduced energy level. Our data point to a pivotal role for PDCD4 in regulating myotube size."
41852743,Dephosphorylation at Ser548 regulates hemocyanin-derived antibacterial peptides and immune defense in,"Phosphorylation plays a critical role in regulating immune responses in invertebrates. In Penaeus vannamei, hemocyanin, a multifunctional immune protein, is cleaved to produce antimicrobial peptides (AMPs) essential for pathogen defense. This study identifies Ser548 phosphorylation of the hemocyanin small subunit (PvHMCs) as a key regulator of trypsin-mediated hemocyanin degradation and antimicrobial peptides production. Dephosphorylation of Ser548, controlled by PvCK2α kinase and PvPP2AC phosphatase, enhances cleavage, generating peptides with strong antibacterial activity against Vibrio parahaemolyticus and Streptococcus iniae. Phosphorylation inhibits this process, reducing peptide production and immune efficacy. In vivo, Ser548 dephosphorylation improves bacterial clearance and enhances shrimp survival. These findings reveal a critical molecular mechanism underlying shrimp immunity and suggest targeting hemocyanin phosphorylation to boost disease resistance in aquaculture."
41851037,Aging Triggers an Intestinal Energy Crisis and HDL3 Deficiency Disrupting Gut-Liver Axis Homeostasis.,"During aging, decreased intestinal barrier function and its ability to synthesize metabolites are closely associated with various age-related diseases. However, the mechanism by which impaired intestinal synthesis contributes to gut-liver axis aging remains unclear. This study reveals that aging induces a mitochondrial energy crisis and defective membrane localization of ABCA1, significantly inhibiting the biosynthesis of high-density lipoprotein 3 (HDL3) in the intestine. Exogenous supplementation with β-nicotinamide mononucleotide (NMN) restores intestinal NAD+ homeostasis, enhances oxidative phosphorylation efficiency, and promotes ATP-dependent lipid transport, thereby rejuvenating the production of gut-derived HDL3. Further investigations demonstrate that gut-originated HDL3 neutralizes lipopolysaccharide (LPS) in the liver and attenuates TLR4-mediated inflammatory cascades, ultimately ameliorating age-related liver injury. These findings elucidate a novel mechanism whereby NMN modulates the NAD+-mitochondria-ABCA1-HDL3 axis to preserve gut-liver axis function, offering a promising therapeutic strategy for mitigating aging-related pathologies in this metabolic cross-talk."
41844775,β-tubulin phosphorylation by Chk1 is required for normal spindle formation during cell division.,"The mitotic spindle is a microtubule-based apparatus that is responsible for accurate segregation of chromosomes into two daughter cells. In this study, we show that the DNA damage kinase Chk1 is required for optimal density and efficient nucleation of spindle microtubules during unperturbed mitosis in vertebrate cells. Chk1 phosphorylates β-tubulin at the identified conserved site threonine-285 (T285) in vitro, and at mitotic centrosomes in prometaphase and metaphase. Impaired β-tubulin-T285 phosphorylation correlates with improper spindles, delayed anaphase onset, erroneous chromosome alignment and segregation, unequal daughter cell-size and reduced cell proliferation. The ATR-interacting protein ATRIP promotes localization of ATR kinase and the mediator protein TopBP1 to mitotic centrosomes; furthermore, interaction of ATRIP with ATR and TopBP1 is required for Chk1 activation and β-tubulin-T285 phosphorylation. These results identify a signaling pathway that promotes spindle maturation and function in human cells, through Chk1-mediated β-tubulin-T285 phosphorylation."
41839844,AURKA-mediated destabilization of SAPS3 drives ferroptosis evasion via 7-dehydrocholesterol biosynthesis in colorectal cancer.,"While ferroptosis induction offers promising avenue for cancer therapeutics, its clinical utility in colorectal cancer (CRC) is limited by pervasive intrinsic resistance mechanisms. Here, we identify Aurora kinase A (AURKA) as a central suppressor of ferroptosis by rewiring cholesterol metabolism. Mechanistically, AURKA phosphorylates and destabilizes its negative regulator SAPS3 at Ser523/524, relieving AMPK suppression. Activated AMPK subsequently inhibits SREBP2 nuclear translocation and DHCR7 transcription, resulting in the accumulation of 7-dehydrocholesterol (7-DHC), a lipid antioxidant that confers ferroptosis resistance. Both genetic and pharmacologic inhibition of AURKA restore ferroptosis sensitivity and enhance chemotherapy efficacy in vitro and in patient-derived xenograft models. Clinically, elevated AURKA expression correlates with poor prognosis and reduced chemotherapy response in CRC patients. These findings delineate a novel AURKA-SAPS3-AMPK-SREBP2 axis that bridges cholesterol homeostasis and ferroptosis evasion, positioning AURKA as a promising therapeutic target for chemosensitization in CRC."
41867376,Prevention of diabetic retinopathy in a rat model by a functional food mix.,"PURPOSE: Diabetic retinopathy (DR), a severe microvascular complication of both type 1 and type 2 diabetes, is one of the leading causes of blindness. Prolonged hyperglycemia leads to vascular endothelial changes, inflammation, neovascularization, and apoptosis through multiple mechanisms, including increased aldose reductase (AR) activity and formation of advanced glycation end products, which contribute to the development of DR. Based on our previous studies with various functional foods that showed AR inhibition and prevented the formation of advanced glycation end products, in this study, a functional food (FF) mix was formulated and investigated its efficacy against DR progression in a rat model. METHODS: An FF mix was prepared with powders of amla pericarp, turmeric rhizome, ginger rhizome, cinnamon bark, and black pepper seeds in a specific proportion. Two-month-old Sprague-Dawley rats were grouped into control (C), streptozotocin-induced diabetes (D), and diabetes fed with FF at two levels (FF1, 0.85 g/100 g diet; FF2, 4.25 g/100 g diet) for 6 months from the induction of diabetes. At the end of the experiment, electroretinography was performed, and the eyes were dissected after the animals were sacrificed. A set of eyes was formalin-fixed for histology and immunohistochemistry examination, and the retina from the remaining eyes was used for immunoblotting analysis. RESULTS: Supplementation of FF mix in the diet to diabetic rats has improved retinal function (electroretinography), as well as prevented histomorphological changes and loss of photoreceptor cells (rhodopsin), compared to untreated diabetic rats. Further, FF mix ameliorated hyperglycemia-induced angiogenesis (vascular endothelial growth factor, hypoxia-inducible factor 1α) and gliosis (glial fibrillary acidic protein) in the diabetic rats, accompanied by decreased inflammation (phosphorylated nuclear factor κB, tumor necrosis factor α, monocyte chemoattractant protein 1) and apoptosis (Bax, Bcl2, caspase3, and caspase12). CONCLUSIONS: This study illustrates the potential of an FF mix, attributed to the synergistic effects of its components, alleviating the progression of diabetic retinopathy by reducing diabetes-induced hypoxia, gliosis, and inflammation, while also inhibiting apoptosis in retinal cells."
41870250,"Bacterial nitrogen-related phosphotransferase systems: new insights into diverse roles in virulence, physiology, and central metabolism.","Nitrogen-related phosphotransferase (PTSNtr) systems are highly conserved and widely distributed in proteobacteria. These systems are thought to enable bacteria to sense and respond to changes in cellular carbon and nitrogen availability. The PTSNtr is analogous to the carbohydrate phosphotransferase systems that carry out phosphorylation and uptake of specific carbohydrates. Instead of targeting carbohydrates, the PTSNtr influences metabolic flux, virulence, biofilm development, stress adaptation, and other phenotypes in ways that vary among different species. Mechanistic insights into the regulatory roles of the PTSNtr have emerged from studies in diverse bacteria, including Escherichia coli, agriculturally relevant nitrogen-fixing symbionts, and biotechnology-relevant and opportunistic pathogens of the Pseudomonas genus. In this review, we summarize both seminal and more recent discoveries underpinning the current understanding of PTSNtr and identify unifying themes that connect these systems across disparate species."
41868832,"The relationship between total tau protein, phosphorylated tau protein, schizophrenia and bipolar disorder: a systematic review and meta-analysis.","INTRODUCTION: Neurodevelopmental disorders, notably schizophrenia, continue to pose major challenges in mental health and clinical practice. Numerous studies have posited potential associations between tau proteins and schizophrenia or bipolar disorder (BD), yet these associations have not been systematically described or quantitatively examined. This study aims to compare total tau and phosphorylated tau levels in plasma, serum (collectively referred to as peripheral blood), and cerebrospinal fluid (CSF) between individuals with schizophrenia and healthy controls, and to further examine total tau levels in BD. METHODS: Employing a meticulous search strategy across PubMed, Embase, Medline and Web of Science, this study adheres to PRISMA guidelines. Eligible studies were non-randomized controlled trials investigating associations between tau proteins, schizophrenia or BD. Standardized mean differences (SMDs) with 95% confidence intervals (CIs) were calculated. This study protocol has been registered on PROSPERO (CRD420251123530). RESULTS: 10 studies were included in the meta-analysis. Total tau levels were significantly lower in patients with schizophrenia compared to controls in CSF (SMD = -0.33, 95% CI: [-0.59, -0.08]) and peripheral blood samples (SMD = -0.88, 95% CI: [-1.61, -0.15]). Combining both samples, the overall SMD was -0.48 (95% CI: [-0.66, -0.31]), indicating a significant reduction in total tau levels. The pooled analysis for phosphorylated tau group yielded an SMD of -1.07 (95% CI: [-1.55, -0.59]), with consistent findings in CSF samples (SMD = -0.76, 95% CI:[-1.17, -0.35]). In contrast, total tau levels did not differ significantly between patients with BD and healthy controls (SMD = -0.07, 95% CI: [-0.26, 0.12]), Data were insufficient to support a meta-analysis of the relationship between phosphorylated tau and BD. CONCLUSION: T-tau and p-tau protein levels are lower in schizophrenia patients compared with healthy controls, whereas no significant difference was observed in BD patients. These findings may have potential for clinical diagnostics. SYSTEMATIC REVIEW REGISTRATION: https://www.crd.york.ac.uk/prospero/, identifier CRD420251123530."
41854278,Oxidative phosphorylation and mitochondrial dynamics are regulated by Sestrin2 to maintain cellular function.,"The stress-inducible protein Sestrin2 (SESN2) has recently emerged as an orchestrator of mitochondrial signaling. The regulation of mitochondria-related pathways, such as aerobic respiration, is thought to be mediated by SESN2, but the underlying mechanisms are not fully understood. Here, we characterized mitochondria in Sesn2-knockdown myoblasts under physiological conditions using oxygen consumption rate measurements, fluorescence microscopy, and protein content analysis. We discovered that SESN2 is essential for sustaining oxidative phosphorylation and maintaining the mitochondrial network organization. SESN2 loss diminished ATP production, decreased the levels of nuclear- and mitochondrial-encoded complex IV subunits, and increased superoxide generation. Moreover, the assessment of mitochondrial distribution in Sesn2-knockdown cells revealed a more fragmented network. This was associated with an increased ratio of short to long optic atrophy 1 (OPA1) forms. Remarkably, disruption of mitochondrial signaling suppressed cellular proliferation and altered both cell and nuclear morphology. In summary, our findings suggest that SESN2 plays an important role in maintaining cellular homeostasis, partly through its impact on mitochondrial function."
41852144,"Ultrasound-Assisted Extraction, Chemical Modification, Structural Characterization, and Activity Studies of Polysaccharides From Corn Silk.","The extraction methods significantly affect the yield and structure of polysaccharides. Based on single-factor experiments, response surface methodology optimized ultrasound-assisted extraction conditions for corn silk polysaccharides (CSP): liquid-to-solid 43 mL/g, extraction time 3 h, and ultrasonic power 640 W, yielding 5.83% CSP. Sulfated, phosphorylated, and selenylated derivatives (CSP-S, CSP-P, and CSP-Se) were prepared with substitution degrees of 0.6 and 0.4, and selenium content of 5.3%, respectively. After confirming structures by UV, FT-IR, SEM, monosaccharide, and Congo-red analyses, the bioactivities of the modified CSP were compared. All derivatives improved antioxidant capacity in vitro: phosphorylation boosted DPPH scavenging, while sulfation enhanced hydroxyl and superoxide anion radical elimination. Selenylation markedly inhibited the activities of α-amylase and lipase, and promoted glucose consumption in HepG2 cells, demonstrating hypoglycemic potential. Moreover, all polysaccharides enhanced RAW264.7 cell viability, phagocytosis, and nitric oxide (NO) release, with CSP-S being most effective. Chemical modifications markedly improved CSP bioactivities, highlighting their application prospects."
41849361,Zero-shot prediction of drug responses using biologically informed neural networks trained on phosphoproteomic timeseries.,"Cellular signaling is driven by complex, dynamic phosphorylation networks that control growth and survival, and their dysregulation underlies diseases such as cancer. Although modern mass spectrometry enables large-scale quantification of phosphoproteomic responses over time, these measurements remain descriptive and cannot by themselves predict how signaling will evolve under perturbations. Here, we extend a biologically informed recurrent neural network framework (LEMBAS), to learn time-resolved phosphoproteomic trajectories. We introduce two interpretable modules; a phosphosite mapping that links signaling nodes to measured phosphorylation sites and a monotonic time mapping that aligns continuous experimental times to discrete signaling steps. Using synthetic benchmarks and an EGF-stimulation dataset with inhibitor treatments, the model accurately interpolates unseen time points and predicts drug-induced phosphoproteomic responses in a zero-shot setting, outperforming naïve and fully connected baselines. Importantly, the model identifies both canonical and non-canonical signaling effects, including modulation of the transcription factor FOXO3:S7 (from the PI3K/AKT pathway) by drugs affecting PTPN11 (from the RAS/ERK pathway). By combining mechanistic priors with deep learning, our framework provides a scalable approach to interpret and predict dynamic drug responses from phosphoproteomic data."
41846958,A single cell atlas of mouse podocytes upon injury identifies kidney zone-dependent responses.,"There are regional differences in the kidney in focal segmental glomerulosclerosis (FSGS) where podocyte injury is more severe in the juxta-medulla (JM) compared to the outer cortex (OC). Single nuclear RNA-sequencing was performed to determine any regional transcriptomic differences. 1055 differentially expressed genes (DEGs) were identified between healthy OC and JM podocytes. Of 53 podocyte canonical genes, only Magi1 and Mapt, and Npnt were higher in healthy OC and JM podocytes respectively. Hallmark pathway analysis showed that in normal mice, healthy JM podocytes are enriched for oxidative phosphorylation, glycolysis and fatty acid metabolism compared to OC podocytes. At day 7 in an experimental FSGS model induced in mice with a cytopathic anti-podocyte antibody, 226 and 225 DEGs were higher in OC and JM podocytes respectively, and 166 overlapped. Five podocyte subclusters were identified, of which the most severe (subcluster 4) was enriched for a senescence phenotype, including the p53 pathway. Inducing FSGS in mice in which p53 was deleted specifically in podocytes had lower glomerular injury compared to diseased wildtype mice. These results are consistent with differences in podocytes in the OC and JM, which might underlie regional differences in FSGS."
41855934,FScanR reveals widespread programmed ribosomal frameshifting consistent with neutral evolution in a ciliate model.,"Programmed ribosomal frameshifting (PRF) is a conserved translational recoding mechanism that allows multiple functionally distinct proteins to be synthesized from a single mRNA transcript. Although PRF is widespread among both prokaryotic and eukaryotic organisms, accurately assessing its full scope in biological systems using conventional genomic or proteomic data alone remains challenging. To address this, we have developed FScanR, a computational tool that identifies PRF events with high confidence by systematically comparing in-frame and out-of-frame nucleotide sequences with corresponding peptide datasets. Our results show that (1) FScanR detects PRF events in protein-coding genes across phylogenetically distinct organisms, enabling us to characterize the sequence features surrounding the PRF sites; (2) euplotid ciliates exhibit widespread PRF events, with no significant bias in GC content or inter-site distance observed in genomic regions flanking the PRF sites; (3) genes associated with PRF events participate in critical physiological processes, including phosphorylation, ubiquitination and metabolic regulation; and (4) PRF in euplotids occurs across genes with varying expression levels and appears to be under neutral selection. These findings highlight the value of FScanR in revealing recoding mechanisms and offer new insights into the evolutionary dynamics of PRF in single-celled eukaryotes."
41850817,Synthesis and Evaluation of a Potential RSK2 Degrader in Human Multiple Myeloma Cell Lines.,"Targeted protein degradation (TPD) has emerged as an innovative technology in drug development. In this manuscript, we evaluated LJH685 (an RSK2 ligand) and proteolysis targeting chimeras (PROTACs) based on LJH685 as the first degrader targeting ribosomal S6 kinase 2 (RSK2), a serine/threonine kinase associated with cancer progression. LJH685 decreased total RSK2 via the ubiquitin-proteasome system (UPS) in human multiple myeloma cell lines (HMCLs). Four LJH685-based PROTACs, composed of pomalidomide (a cereblon E3 ligase ligand) and different lengths of polyethylene glycol (PEG) linkers, decreased both total RSK2 and phosphorylated RSK2Ser227 levels in HMCLs. Among these, PROTAC 2, which features 1 PEG unit as a linker, demonstrated the strongest degradation using cereblon (CRBN) and UPS and anti-proliferative activity, which were comparable to those of LJH685. Molecular docking simulations further supported these findings, revealing that PROTACs with PEG linkers formed stable ternary complexes with RSK2 and CRBN, whereas the linkerless PROTAC, which showed lower activity, was unable to form an appropriate complex. These results emphasize the critical role of linker length in optimizing PROTAC efficacy for targeting RSK2. Future exploration of diverse E3 ligases could enable optimization of PROTAC selectivity."
41850398,The Dual-specificity Phosphatase JSP1 Regulates Neutrophil Adhesion via Integrin-SRC Signaling in Vascular Inflammation.,"The c-JUN N-terminal kinase (JNK) signaling pathway plays an important role in regulating the innate immune response. Immune signaling is governed by the coordinated activity of protein kinases counter-balanced by protein phosphatases; however, the importance of the latter family of enzymes is less well understood. c-JUN N-terminal kinase (JNK)-stimulatory phosphatase 1 (JSP1, also known as DUSP22) has been implicated as a positive regulator of JNK signaling, yet its role in innate immunity is not clear. Using a mouse model of the local Shwartzman reaction, we show that JSP1 is essential for LPS-TNF-alpha-induced vascular injury. JSP1-knockout mice exhibited reduced vascular hemorrhage. Neutrophil depletion and adoptive transfer experiments confirmed that JSP1-expressing neutrophils mediate this injury. JSP1 was not required for neutrophil development or surface receptor abundance but was essential for integrin activation and adhesion. Reduced SYK and HCK phosphorylation in JSP1-knockout neutrophils are consistent with a mechanism involving impaired integrin-SRC signaling. These findings establish JSP1 as a key regulator of neutrophil-driven vascular inflammation."
41871797,Metformin inhibits PDGFβ signaling to suppress hyaluronan and cytokine production in thyroid eye disease.,"Thyroid eye disease (TED) is characterized by fibroblast-driven inflammation and extracellular matrix expansion, which contribute to orbital congestion and proptosis. Platelet-derived growth factor-β (PDGFβ) promotes hyaluronan (HA) synthesis and cytokine production in orbital fibroblasts (OFs); however, whether metabolic modulation can counteract this pathway is unknown. We tested whether metformin, an indirect activator of AMP-activated protein kinase (AMPK), attenuates PDGFβ signaling in TED OFs. Primary OFs from 14 TED and 4 non-TED donors were treated with PDGFβ with or without metformin or the direct AMPK activator 5-aminoimidazole-4-carboxamide ribonucleotide (AICAR). PDGFβ elicited markedly greater HA and cytokine responses in TED OFs than in non-TED OFs and suppressed AMPK phosphorylation. Metformin treatment restored AMPK phosphorylation, reduced HA accumulation (∼2.3-3.1-fold), and decreased IL-6 and IL-8 production. AICAR produced similar AMPK-dependent effects. Mechanistically, metformin attenuated PDGFβ-driven activation of the phosphoinositide 3-kinase (PI3K)-AKT-forkhead box O1 (FoxO1)-nuclear factor kappa B (NF-κB) axis, a pro-inflammatory and pro-survival cascade. These data identify PDGFβ-mediated AMPK suppression as a pathogenic mechanism in TED fibroblasts and demonstrate that AMPK reactivation reduces pro-fibrotic and inflammatory signals. Together, these findings support the therapeutic repurposing of metformin in TED."
41866100,Single-cell sequencing reveals metabolic reprogramming and immune regulation underlie the maintenance of teleost granulomas.,"The granuloma serves not only as a physical barrier to restrict the dissemination of intracellular pathogens but also functions as a complex immune microenvironment. However, the bioenergetics and regulatory mechanisms maintaining this architecture remain elusive in vertebrates. Here, integrating multi-tissue transcriptomics, single-cell RNA sequencing (scRNA-seq), ultrastructural imaging, and fluorescence in situ hybridization (FISH) in a largemouth bass (Micropterus salmoides)-Nocardia seriolae infection model, we resolved the metabolic and functional landscape of the granuloma. We found that across multiple tissues (head kidney, spleen, liver, kidney), the host initiates a synchronized transcriptional program that promotes macrophage differentiation into specialized epithelioid macrophages (E-Macs). Notably, E-Macs concurrently upregulated specific transporters and metabolic enzymes (e.g., laao, slc6a8), as well as oxidative phosphorylation (OXPHOS) and glycolysis genes, accompanied by mitochondrial proliferation. Functionally, E-Macs shifted from a pro-inflammatory to an immunoregulatory and pro-survival phenotype, characterized by high expression of protease inhibitors (e.g., csta) and anti-apoptotic factors (e.g., bcl2l14, ywhag1). Comparative analysis in zebrafish confirmed these metabolic and regulatory signatures are evolutionarily conserved. In conclusion, this study reveals a host survival strategy of immune regulation underpinned by metabolic adaptation, providing novel perspectives for controlling chronic granulomatous diseases in aquaculture."
41857145,Gracillin overcomes osimertinib resistance in NSCLC via dual inhibition of EGFR and Mcl-1.,"The advent of molecularly targeted therapies has revolutionized the clinical management of non-small cell lung cancer (NSCLC), substantially expanding therapeutic options. Nevertheless, significant clinical challenges persist, including acquired resistance, treatment-related toxicities, and economic burdens, underscoring the need for novel therapeutic strategies. In this study, we identified a promising epidermal growth factor receptor (EGFR)-targeting natural product, Gracillin. Unlike osimertinib's selective profile, Gracillin possesses broad-spectrum efficacy against both EGFR-mutant (including Ex19del, L858R, and T790M variants) and wild-type (WT) NSCLC. Mechanistically, Gracillin-mediated EGFR inhibition suppresses Akt signaling, leading to GSK3β-dependent phosphorylation of Mcl-1 at Ser159. This post-translational modification promotes β-TRCP-mediated K48-linked polyubiquitination and degradation of Mcl-1, thereby reducing its protein levels and subsequently inducing apoptosis. In vitro, Gracillin reduced cell viability by up to 90% (IC₅₀ ≈ 1.4-2.78 µM) in both EGFR-mutant and WT NSCLC cell lines. Notably, in vivo studies corroborated these findings, with Gracillin demonstrating significant tumor growth inhibition of up to 60% in both osimertinib-sensitive and -resistant NSCLC models. The compound's unique ability to target diverse EGFR genotypes while overcoming TKI resistance suggests its potential as a therapeutic agent with a strong rationale for further clinical development."
41856997,Loss of Pum2 exacerbates colitis by disrupting macrophage-epithelial crosstalk and promoting epithelial necroptosis.,"Ulcerative colitis (UC) is a chronic, relapsing inflammatory disorder characterized by persistent mucosal immune activation and compromised epithelial barrier function. In this study, we identify the RNA-binding protein PUMILIO2 (Pum2) as a previously unrecognized regulator of intestinal inflammation. Analysis of colonic tissues from UC patients revealed reduced Pum2 expression, which inversely correlated with disease activity. In dextran sulfate sodium (DSS)-induced colitis models, Pum2 deficiency exacerbated mucosal injury, accompanied by heightened macrophage inflammation. Mechanistically, Pum2 loss during colitis drives macrophage hyperactivation and TNFα-dependent epithelial necroptosis, which together intensify pathogenic macrophage-epithelial interactions and barrier breakdown. The dynamic downregulation of Pum2 in active inflammation underscores its potential as a therapeutic target for modulating macrophage-epithelial interactions and restoring intestinal barrier integrity in the context of colitis.Abstract Figure. Pum2 deficiency aggravates colitis via macrophage-epithelial crosstalk driving inflammation and necroptosis. Left: Pum2 loss promotes macrophage-driven inflammation, with increased chemokine expression, macrophage infiltration, and a pro-inflammatory phenotype characterized by TNFα secretion. Right: Macrophage-epithelial crosstalk triggers epithelial necroptosis. Proinflammatory signals from Pum2-deficient macrophages sensitize epithelial cells to TNFα-induced death. Simultaneously, epithelial Pum2 loss elevates ROS, facilitating RIPK1, RIPK3, and MLKL phosphorylation. This synergistic cascade amplifies necroptosis and establishes a self-perpetuating loop of barrier disruption and inflammation."
